観測所番号,都道府県,地点,国際地点番号,現在時刻(年),現在時刻(月),現在時刻(日),現在時刻(時),現在時刻(分),現在値(mm),現在値の品質情報,今日の最大値(mm),今日の最大値の品質情報,今日の最大値起時（時）(まで),今日の最大値起時（分）(まで),今日の最大値起時(まで)の品質情報,極値更新,10年未満での極値更新,昨日までの観測史上1位の値(mm),昨日までの観測史上1位の値の品質情報,昨日までの観測史上1位の値の年,昨日までの観測史上1位の値の月,昨日までの観測史上1位の値の日,昨日までの8月の1位の値(mm),昨日までの8月の1位の値の品質情報,昨日までの8月の1位の値の年,昨日までの8月の1位の値の月,昨日までの8月の1位の値の日,統計開始年
11001,北海道 宗谷地方,宗谷岬（ソウヤミサキ）,,2023,08,30,15,20,0.0,8,0.0,4,,,,,,150.0,8,2020,08,07,150.0,8,2020,08,07,1978
11016,北海道 宗谷地方,稚内（ワッカナイ）,47401,2023,08,30,15,20,0.0,8,0.0,4,,,,,,195.5,8,2016,09,06,173.0,8,2014,08,24,1976
11046,北海道 宗谷地方,礼文（レブン）,,2023,08,30,15,20,0.0,8,0.0,4,,,,,,183.0,8,2014,08,24,183.0,8,2014,08,24,2003
11061,北海道 宗谷地方,声問（コエトイ）,,2023,08,30,15,20,0.0,4,0.0,4,,,,,,157.0,8,2016,09,06,135.0,8,2014,08,24,2003
11076,北海道 宗谷地方,浜鬼志別（ハマオニシベツ）,,2023,08,30,15,20,0.0,8,0.0,4,,,,,,141.0,8,2015,07,14,120,8,1981,08,05,1978
11091,北海道 宗谷地方,本泊（モトドマリ）,,2023,08,30,15,20,0.0,8,0.0,4,,,,,,176.5,8,2016,09,06,158.0,8,2020,08,07,2003
11121,北海道 宗谷地方,沼川（ヌマカワ）,,2023,08,30,15,20,0.0,8,0.0,4,,,,,,111.0,8,2020,08,07,111.0,8,2020,08,07,1977
11151,北海道 宗谷地方,沓形（クツガタ）,,2023,08,30,15,20,0.0,8,0.0,4,,,,,,168.0,8,2016,09,06,114,8,2003,08,08,1976
11176,北海道 宗谷地方,豊富（トヨトミ）,,2023,08,30,15,20,0.0,8,0.0,4,,,,,,129.5,8,2014,08,24,129.5,8,2014,08,24,1976
11206,北海道 宗谷地方,浜頓別（ハマトンベツ）,,2023,08,30,15,20,0.0,8,0.0,4,,,,,,118,8,1981,08,06,118,8,1981,08,06,1976
11276,北海道 宗谷地方,中頓別（ナカトンベツ）,,2023,08,30,15,20,0.0,8,0.0,4,,,,,,139.0,8,2015,10,09,126.0,8,2014,08,05,1976
11291,北海道 宗谷地方,北見枝幸（キタミエサシ）,47402,2023,08,30,15,20,0.0,8,0.0,4,,,,,,154.0,8,2015,10,09,123,8,1981,08,05,1976
11316,北海道 宗谷地方,歌登（ウタノボリ）,,2023,08,30,15,20,0.0,8,0.0,4,,,,,,170,8,1979,10,20,132.5,8,2014,08,24,1976
13011,北海道 宗谷地方,幌延（ホロノベ）,,2023,08,30,15,20,0.0,8,0.0,4,,,,,,129.0,8,2014,08,24,129.0,8,2014,08,24,2006
12011,北海道 上川地方,中川（ナカガワ）,,2023,08,30,15,20,0.0,8,0.0,4,,,,,,167.0,8,2022,08,09,167.0,8,2022,08,09,1977
12041,北海道 上川地方,音威子府（オトイネップ）,,2023,08,30,15,20,0.0,8,0.0,4,,,,,,158.0,8,2022,08,09,158.0,8,2022,08,09,1978
12066,北海道 上川地方,小車（オグルマ）,,2023,08,30,15,20,0.0,8,0.0,4,,,,,,159,8,2006,10,08,146.5,8,2014,08,05,2006
12141,北海道 上川地方,美深（ビフカ）,,2023,08,30,15,20,0.0,8,0.0,4,,,,,,151.5,8,2014,08,05,151.5,8,2014,08,05,1976
12181,北海道 上川地方,名寄（ナヨロ）,,2023,08,30,15,20,0.0,8,0.0,4,,,,,,153.5,8,2014,08,05,153.5,8,2014,08,05,1976
12217,北海道 上川地方,西風連（ニシフウレン）,,2023,08,30,15,20,0.0,8,0.0,4,,,,,,160.0,8,2014,08,05,160.0,8,2014,08,05,2006
12231,北海道 上川地方,下川（シモカワ）,,2023,08,30,15,20,0.0,8,0.0,4,,,,,,192,8,1981,08,04,192,8,1981,08,04,1976
12256,北海道 上川地方,剣淵（ケンブチ）,,2023,08,30,15,20,0.0,8,0.0,4,,,,,,147.0,8,2011,09,03,145.5,8,2016,08,21,2006
12261,北海道 上川地方,士別（シベツ）,,2023,08,30,15,20,0.0,8,0.0,4,,,,,,167,8,1981,08,04,167,8,1981,08,04,1976
12266,北海道 上川地方,朝日（アサヒ）,,2023,08,30,15,20,0.0,8,0.0,4,,,,,,179,8,1981,08,04,179,8,1981,08,04,1976
12301,北海道 上川地方,和寒（ワッサム）,,2023,08,30,15,20,0.0,8,0.0,4,,,,,,163,8,1981,08,05,163,8,1981,08,05,1977
12386,北海道 上川地方,江丹別（エタンベツ）,,2023,08,30,15,20,0.0,8,0.0,4,,,,,,167,8,2000,09,02,161,4,1988,08,26,1977
12396,北海道 上川地方,比布（ピップ）,,2023,08,30,15,20,0.0,8,0.0,4,,,,,,154,4,1981,08,05,154,4,1981,08,05,1976
12411,北海道 上川地方,上川（カミカワ）,,2023,08,30,15,20,0.0,8,0.0,4,,,,,,146.5,8,2016,08,21,146.5,8,2016,08,21,1976
12442,北海道 上川地方,旭川（アサヒカワ）,47407,2023,08,30,15,20,0.0,8,0.0,4,,,,,,168,8,1981,08,04,168,8,1981,08,04,1976
12451,北海道 上川地方,東川（ヒガシカワ）,,2023,08,30,15,20,0.0,8,0.0,4,,,,,,144.5,8,2016,08,21,144.5,8,2016,08,21,1977
12457,北海道 上川地方,瑞穂（ミズホ）,,2023,08,30,15,20,1.5,8,1.5,4,15,20,8,,,151.0,8,2011,09,03,138,8,2005,08,22,1984
12471,北海道 上川地方,層雲峡（ソウウンキョウ）,,2023,08,30,15,20,0.5,8,0.5,4,15,20,8,,,198,4,1981,08,06,198,4,1981,08,06,1976
12501,北海道 上川地方,東神楽（ヒガシカグラ）,,2023,08,30,15,20,0.5,8,0.5,4,15,20,8,,,134.0,8,2018,07,03,126.5,8,2016,08,21,2003
12512,北海道 上川地方,志比内（シビナイ）,,2023,08,30,15,20,0.0,8,0.0,4,,,,,,151.0,8,2011,09,03,139,8,1994,08,13,1993
12551,北海道 上川地方,美瑛（ビエイ）,,2023,08,30,15,20,0.0,8,0.0,4,,,,,,149,4,1981,08,05,149,4,1981,08,05,1976
12596,北海道 上川地方,上富良野（カミフラノ）,,2023,08,30,15,20,0.0,8,0.0,4,,,,,,212,4,1981,08,05,212,4,1981,08,05,1977
12607,北海道 上川地方,白金（シロガネ）,,2023,08,30,15,20,0.0,8,0.0,4,,,,,,191.0,8,2016,08,23,191.0,8,2016,08,23,1984
12626,北海道 上川地方,富良野（フラノ）,,2023,08,30,15,20,0.0,8,0.0,4,,,,,,196,4,1981,08,06,196,4,1981,08,06,1976
12632,北海道 上川地方,麓郷（ロクゴウ）,,2023,08,30,15,20,0.0,8,0.0,4,,,,,,175,8,1981,08,06,175,8,1981,08,06,1978
12686,北海道 上川地方,金山（カナヤマ）,,2023,08,30,15,20,4.5,8,4.5,4,15,20,8,,,158,8,2006,08,19,158,8,2006,08,19,2006
12691,北海道 上川地方,幾寅（イクトラ）,,2023,08,30,15,20,0.5,8,0.5,4,15,20,8,,,210,8,2001,09,11,209,8,2006,08,19,1977
12746,北海道 上川地方,占冠（シムカップ）,,2023,08,30,15,20,1.0,8,1.0,4,15,20,8,,,243,8,2003,08,10,243,8,2003,08,10,1977
15041,北海道 上川地方,朱鞠内（シュマリナイ）,,2023,08,30,15,20,0.0,8,0.0,4,,,,,,197.5,8,2014,08,05,197.5,8,2014,08,05,1978
15076,北海道 上川地方,幌加内（ホロカナイ）,,2023,08,30,15,20,0.0,8,0.0,4,,,,,,228,8,1988,08,26,228,8,1988,08,26,1976
13061,北海道 留萌地方,天塩（テシオ）,,2023,08,30,15,20,0.0,8,0.0,4,,,,,,146.5,8,2014,08,24,146.5,8,2014,08,24,1976
13086,北海道 留萌地方,遠別（エンベツ）,,2023,08,30,15,20,0.0,8,0.0,4,,,,,,219.0,8,2022,08,09,219.0,8,2022,08,09,1976
13121,北海道 留萌地方,初山別（ショサンベツ）,,2023,08,30,15,20,0.0,8,0.0,4,,,,,,157.0,8,2022,08,09,157.0,8,2022,08,09,1977
13146,北海道 留萌地方,焼尻（ヤギシリ）,,2023,08,30,15,20,0.0,8,0.0,4,,,,,,179,8,1982,08,22,179,8,1982,08,22,1977
13181,北海道 留萌地方,羽幌（ハボロ）,47404,2023,08,30,15,20,0.0,8,0.0,4,,,,,,159.5,8,2014,08,05,159.5,8,2014,08,05,1976
13206,北海道 留萌地方,古丹別（コタンベツ）,,2023,08,30,15,20,0.0,8,0.0,4,,,,,,148,8,2000,09,02,142.0,8,2014,08,05,1976
13261,北海道 留萌地方,達布（タップ）,,2023,08,30,15,20,0.0,8,0.0,4,,,,,,182,8,1988,08,26,182,8,1988,08,26,1977
13277,北海道 留萌地方,留萌（ルモイ）,47406,2023,08,30,15,20,0.0,8,0.0,4,,,,,,146.0,8,2018,07,03,142,8,1981,08,05,1976
13311,北海道 留萌地方,増毛（マシケ）,,2023,08,30,15,20,0.0,8,0.0,4,,,,,,140.0,8,2011,09,03,137,8,1981,08,05,1976
13321,北海道 留萌地方,幌糠（ホロヌカ）,,2023,08,30,15,20,0.0,8,0.0,4,,,,,,250,4,1988,08,26,250,4,1988,08,26,1977
14026,北海道 石狩地方,浜益（ハママス）,,2023,08,30,15,20,0.0,8,0.0,4,,,,,,182.5,8,2011,09,03,146,8,1981,08,05,1977
14071,北海道 石狩地方,厚田（アツタ）,,2023,08,30,15,20,0.0,8,0.0,4,,,,,,194,8,1981,08,05,194,8,1981,08,05,1977
14101,北海道 石狩地方,新篠津（シンシノツ）,,2023,08,30,15,20,0.0,8,0.0,4,,,,,,180,8,1981,08,05,180,8,1981,08,05,1976
14116,北海道 石狩地方,山口（ヤマグチ）,,2023,08,30,15,20,0.0,8,0.0,4,,,,,,193,8,1981,08,05,193,8,1981,08,05,1976
14121,北海道 石狩地方,石狩（イシカリ）,,2023,08,30,15,20,0.0,8,0.0,4,,,,,,122,8,2001,09,11,106.0,8,2010,08,24,1990
14136,北海道 石狩地方,江別（エベツ）,,2023,08,30,15,20,0.0,8,0.0,4,,,,,,127.0,8,2016,08,17,127.0,8,2016,08,17,2000
14157,北海道 石狩地方,手稲山（テイネヤマ）,,2023,08,30,15,20,0.0,8,0.0,4,,,,,,153.5,8,2011,09,06,107.0,8,2016,08,17,2010
14163,北海道 石狩地方,札幌（サッポロ）,47412,2023,08,30,15,20,0.0,8,0.0,4,,,,,,220,8,1981,08,23,220,8,1981,08,23,1976
14191,北海道 石狩地方,小金湯（コガネユ）,,2023,08,30,15,20,0.0,8,0.0,4,,,,,,277,8,1981,08,23,277,8,1981,08,23,1976
14206,北海道 石狩地方,恵庭島松（エニワシママツ）,,2023,08,30,15,20,1.5,8,1.5,4,15,20,8,,,264,8,1981,08,05,264,8,1981,08,05,1976
14286,北海道 石狩地方,支笏湖畔（シコツコハン）,,2023,08,30,15,20,3.5,8,3.5,4,15,20,8,,,280.0,8,2014,09,11,274,8,2001,08,23,1976
14296,北海道 石狩地方,千歳（チトセ）,,2023,08,30,15,20,1.5,8,1.5,4,15,20,8,,,213.5,8,2014,09,12,154,4,2005,08,22,2003
15116,北海道 空知地方,石狩沼田（イシカリヌマタ）,,2023,08,30,15,20,0.0,8,0.0,4,,,,,,422,8,1988,08,26,422,8,1988,08,26,1976
15156,北海道 空知地方,秩父別（チップベツ）,,2023,08,30,15,20,0.0,8,0.0,4,,,,,,77.5,8,2023,08,06,77.5,8,2023,08,06,2022
15161,北海道 空知地方,深川（フカガワ）,,2023,08,30,15,20,0.0,8,0.0,4,,,,,,201,8,1981,08,05,201,8,1981,08,05,1976
15197,北海道 空知地方,雨竜（ウリュウ）,,2023,08,30,15,20,0.0,8,0.0,4,,,,,,150.5,8,2011,09,03,147.0,8,2019,08,09,2006
15216,北海道 空知地方,新城（シンジョウ）,,2023,08,30,15,20,0.0,8,0.0,4,,,,,,184,8,1988,08,26,184,8,1988,08,26,1984
15231,北海道 空知地方,空知吉野（ソラチヨシノ）,,2023,08,30,15,20,0.0,8,0.0,4,,,,,,221,8,1988,08,26,221,8,1988,08,26,1978
15241,北海道 空知地方,滝川（タキカワ）,,2023,08,30,15,20,0.0,8,0.0,4,,,,,,198,8,1981,08,05,198,8,1981,08,05,1976
15247,北海道 空知地方,赤平（アカビラ）,,2023,08,30,15,20,0.0,8,0.0,4,,,,,,175.0,8,2016,08,21,175.0,8,2016,08,21,2006
15251,北海道 空知地方,芦別（アシベツ）,,2023,08,30,15,20,0.0,8,0.0,4,,,,,,195,8,1981,08,05,195,8,1981,08,05,1976
15276,北海道 空知地方,浦臼（ウラウス）,,2023,08,30,15,20,0.0,8,0.0,4,,,,,,159,8,1988,08,26,159,8,1988,08,26,1983
15311,北海道 空知地方,月形（ツキガタ）,,2023,08,30,15,20,0.0,8,0.0,4,,,,,,166,8,1981,08,05,166,8,1981,08,05,1976
15321,北海道 空知地方,美唄（ビバイ）,,2023,08,30,15,20,0.0,8,0.0,4,,,,,,254,8,1981,08,04,254,8,1981,08,04,1976
15356,北海道 空知地方,岩見沢（イワミザワ）,47413,2023,08,30,15,20,0.5,8,0.5,4,15,20,8,,,264,8,1981,08,04,264,8,1981,08,04,1976
15391,北海道 空知地方,栗沢（クリサワ）,,2023,08,30,15,20,0.0,8,0.0,4,,,,,,258,8,1981,08,04,258,8,1981,08,04,1976
15431,北海道 空知地方,長沼（ナガヌマ）,,2023,08,30,15,20,0.5,8,0.5,4,15,20,8,,,273,4,1981,08,05,273,4,1981,08,05,1976
15442,北海道 空知地方,夕張（ユウバリ）,,2023,08,30,15,20,0.0,8,0.0,4,,,,,,172,8,1981,08,05,172,8,1981,08,05,1976
15451,北海道 空知地方,鹿島（カシマ）,,2023,08,30,15,20,1.5,8,1.5,4,15,20,8,,,167,8,2001,09,11,152,8,1998,08,29,1983
15491,北海道 空知地方,沼の沢（ヌマノサワ）,,2023,08,30,15,20,0.0,8,0.0,4,,,,,,176,8,2001,09,11,145,8,1992,08,09,1983
16026,北海道 後志地方,美国（ビクニ）,,2023,08,30,15,20,0.0,8,0.0,4,,,,,,189.0,8,2011,09,02,133.0,8,2014,08,05,1976
16061,北海道 後志地方,神恵内（カモエナイ）,,2023,08,30,15,20,0.0,8,0.0,4,,,,,,171.5,8,2010,07,30,137,8,2005,08,03,1977
16076,北海道 後志地方,余市（ヨイチ）,,2023,08,30,15,20,0.0,8,0.0,4,,,,,,149.0,8,2011,09,03,141,8,1997,08,06,1976
16091,北海道 後志地方,小樽（オタル）,47411,2023,08,30,15,20,0.0,8,0.0,4,,,,,,126,8,1988,08,26,126,8,1988,08,26,1976
16126,北海道 後志地方,赤井川（アカイガワ）,,2023,08,30,15,20,0.0,8,0.0,4,,,,,,142,8,2006,10,08,125,8,1997,08,06,1976
16156,北海道 後志地方,共和（キョウワ）,,2023,08,30,15,20,0.0,8,0.0,4,,,,,,122,8,1981,08,23,122,8,1981,08,23,1976
16206,北海道 後志地方,蘭越（ランコシ）,,2023,08,30,15,20,0.0,8,0.0,4,,,,,,148,8,1981,08,23,148,8,1981,08,23,1976
16217,北海道 後志地方,倶知安（クッチャン）,47433,2023,08,30,15,20,0.0,8,0.0,4,,,,,,157,8,1981,08,23,157,8,1981,08,23,1976
16252,北海道 後志地方,寿都（スッツ）,47421,2023,08,30,15,20,2.5,8,2.5,4,15,20,8,,,156.5,4,2011,09,02,124,8,1981,08,23,1976
16272,北海道 後志地方,ニセコ（ニセコ）,,2023,08,30,15,20,0.0,8,0.0,4,,,,,,118.5,8,2011,09,06,115.0,8,2022,08,16,2010
16281,北海道 後志地方,真狩（マッカリ）,,2023,08,30,15,20,0.0,8,0.0,4,,,,,,154,8,1981,08,23,154,8,1981,08,23,1976
16286,北海道 後志地方,喜茂別（キモベツ）,,2023,08,30,15,20,0.0,8,0.0,4,,,,,,172,8,1981,08,23,172,8,1981,08,23,1976
16321,北海道 後志地方,黒松内（クロマツナイ）,,2023,08,30,15,20,1.5,8,1.5,4,15,20,8,,,194.5,8,2017,09,18,158,8,1981,08,23,1976
17036,北海道 網走・北見・紋別地方,雄武（オウム）,47405,2023,08,30,15,20,0.0,8,0.0,4,,,,,,164.5,8,2015,10,09,135.5,8,2014,08,25,1976
17076,北海道 網走・北見・紋別地方,興部（オコッペ）,,2023,08,30,15,20,0.0,8,0.0,4,,,,,,163,8,1998,09,17,119.5,8,2023,08,06,1976
17091,北海道 網走・北見・紋別地方,西興部（ニシオコッペ）,,2023,08,30,15,20,0.0,8,0.5,4,01,00,8,,,183,8,2006,10,08,135.5,8,2023,08,06,1976
17112,北海道 網走・北見・紋別地方,紋別（モンベツ）,47435,2023,08,30,15,20,0.0,8,0.0,4,,,,,,207.0,8,2015,10,09,119.5,8,2023,08,06,1976
17116,北海道 網走・北見・紋別地方,紋別小向（モンベツコムカイ）,,2023,08,30,15,20,0.5,8,0.5,4,15,20,8,,,181.5,4,2015,10,09,97.5,8,2016,08,21,2003
17166,北海道 網走・北見・紋別地方,湧別（ユウベツ）,,2023,08,30,15,20,0.0,8,0.0,4,,,,,,193.5,8,2015,10,09,109,8,1992,08,09,1976
17196,北海道 網走・北見・紋別地方,滝上（タキノウエ）,,2023,08,30,15,20,0.0,8,0.5,4,03,30,8,,,161,8,2006,10,08,110.5,8,2023,08,06,1976
17211,北海道 網走・北見・紋別地方,上藻別（カミモベツ）,,2023,08,30,15,20,0.0,8,0.5,4,05,10,8,,,218,8,1998,09,17,126.5,8,2016,08,21,1976
17246,北海道 網走・北見・紋別地方,常呂（トコロ）,,2023,08,30,15,20,0.0,8,0.5,4,00,50,8,,,162,8,1992,09,12,126,8,1998,08,29,1976
17306,北海道 網走・北見・紋別地方,遠軽（エンガル）,,2023,08,30,15,20,0.0,8,0.0,4,,,,,,220,8,2006,10,08,127.0,8,2016,08,21,1976
17316,北海道 網走・北見・紋別地方,佐呂間（サロマ）,,2023,08,30,15,20,0.0,8,0.5,4,01,00,8,,,185.0,8,2015,10,09,141,8,2006,08,19,1976
17341,北海道 網走・北見・紋別地方,網走（アバシリ）,47409,2023,08,30,15,20,0.0,8,0.0,4,,,,,,182,8,1992,09,12,155.5,8,2016,08,21,1976
17351,北海道 網走・北見・紋別地方,宇登呂（ウトロ）,,2023,08,30,15,20,0.0,8,2.0,4,02,10,8,,,417,8,1981,08,06,417,8,1981,08,06,1976
17386,北海道 網走・北見・紋別地方,丸瀬布（マルセップ）,,2023,08,30,15,20,0.0,8,0.0,4,,,,,,148,8,2006,10,08,121,8,2006,08,19,1984
17482,北海道 網走・北見・紋別地方,白滝（シラタキ）,,2023,08,30,15,20,0.0,8,0.0,4,,,,,,176.0,8,2011,09,03,144,8,2006,08,19,1993
17501,北海道 網走・北見・紋別地方,生田原（イクタハラ）,,2023,08,30,15,20,0.0,8,0.5,4,07,20,8,,,145,8,2006,10,08,133,8,2006,08,19,1976
17512,北海道 網走・北見・紋別地方,仁頃山（ニコロヤマ）,,2023,08,30,15,20,0.0,8,0.0,4,,,,,,163,8,2006,10,09,150,8,2006,08,19,2006
17521,北海道 網走・北見・紋別地方,北見（キタミ）,,2023,08,30,15,20,0.0,8,0.0,4,,,,,,146,8,2006,08,19,146,8,2006,08,19,1976
17531,北海道 網走・北見・紋別地方,女満別（メマンベツ）,,2023,08,30,15,20,0.0,8,0.5,4,05,50,8,,,183.5,4,2015,10,09,132,8,2006,08,19,2003
17541,北海道 網走・北見・紋別地方,東藻琴（ヒガシモコト）,,2023,08,30,15,20,0.0,8,0.5,4,00,10,8,,,171.5,8,2015,10,09,127.5,8,2021,08,10,1978
17546,北海道 網走・北見・紋別地方,小清水（コシミズ）,,2023,08,30,15,20,0.0,8,0.5,4,01,30,8,,,218,8,1992,09,12,120,8,2003,08,10,1976
17561,北海道 網走・北見・紋別地方,斜里（シャリ）,,2023,08,30,15,20,0.0,8,0.0,4,,,,,,205,8,1992,09,12,130,8,1998,08,29,1976
17596,北海道 網走・北見・紋別地方,留辺蘂（ルベシベ）,,2023,08,30,15,20,0.0,8,0.0,4,,,,,,150,8,2006,08,19,150,8,2006,08,19,1976
17607,北海道 網走・北見・紋別地方,境野（サカイノ）,,2023,08,30,15,20,0.0,8,0.5,4,12,20,8,,,179,8,2006,08,19,179,8,2006,08,19,1977
17631,北海道 網走・北見・紋別地方,美幌（ビホロ）,,2023,08,30,15,20,0.0,8,0.5,4,02,30,8,,,144.0,8,2015,10,09,131.5,8,2016,08,21,1976
17642,北海道 網走・北見・紋別地方,山園（ヤマゾノ）,,2023,08,30,15,20,0.0,8,2.5,4,00,10,8,,,192.5,8,2015,10,09,133.5,8,2019,08,09,2010
17686,北海道 網走・北見・紋別地方,置戸常元（オケトツネモト）,,2023,08,30,15,20,0.0,8,0.0,4,,,,,,181,8,2006,08,19,181,8,2006,08,19,2006
17717,北海道 網走・北見・紋別地方,津別（ツベツ）,,2023,08,30,15,20,0.0,8,1.0,4,02,10,8,,,152,8,2001,09,12,147,8,2006,08,19,1988
17776,北海道 網走・北見・紋別地方,津別二又（ツベツフタマタ）,,2023,08,30,15,20,0.0,8,1.0,4,01,30,8,,,159,8,2006,08,19,159,8,2006,08,19,2006
18038,北海道 根室地方,羅臼（ラウス）,,2023,08,30,15,20,1.0,8,1.0,4,15,20,8,,,184.0,8,2016,09,09,162.5,8,2016,08,21,2005
18091,北海道 根室地方,糸櫛別（イトクシベツ）,,2023,08,30,15,20,0.0,8,0.0,4,,,,,,202,8,1987,10,18,176.0,4,2016,08,21,1978
18136,北海道 根室地方,標津（シベツ）,,2023,08,30,15,20,0.0,8,0.0,4,,,,,,189,8,2006,10,08,149,8,1989,08,17,1976
18161,北海道 根室地方,上標津（カミシベツ）,,2023,08,30,15,20,0.0,8,0.0,4,,,,,,129.0,8,2014,08,11,129.0,8,2014,08,11,2003
18171,北海道 根室地方,中標津（ナカシベツ）,,2023,08,30,15,20,0.0,8,0.0,4,,,,,,205,8,2006,10,08,199.0,8,2015,08,11,1976
18174,北海道 根室地方,根室中標津（ネムロナカシベツ）,,2023,08,30,15,20,0.0,8,0.0,4,,,,,,157,8,2006,10,08,147,8,2003,08,10,2003
18256,北海道 根室地方,別海（ベツカイ）,,2023,08,30,15,20,0.0,8,0.0,4,,,,,,212,8,2006,10,08,165,8,1989,08,17,1976
18273,北海道 根室地方,根室（ネムロ）,47420,2023,08,30,15,20,0.0,8,0.0,4,,,,,,213,8,1992,09,11,154.0,8,2015,08,11,1976
18281,北海道 根室地方,納沙布（ノサップ）,,2023,08,30,15,20,0.0,8,0.0,4,,,,,,157,8,1998,08,30,157,8,1998,08,30,1976
18311,北海道 根室地方,厚床（アットコ）,,2023,08,30,15,20,0.0,8,0.0,4,,,,,,196,8,1986,09,04,169,8,1989,08,17,1977
19021,北海道 釧路地方,川湯（カワユ）,,2023,08,30,15,20,1.0,8,1.0,4,15,20,8,,,181,8,1988,11,25,131,8,2003,08,10,1976
19051,北海道 釧路地方,弟子屈（テシカガ）,,2023,08,30,15,20,0.0,8,0.0,4,,,,,,155,8,1992,09,12,129,8,2003,08,10,1977
19076,北海道 釧路地方,阿寒湖畔（アカンコハン）,,2023,08,30,15,20,0.5,8,0.5,4,15,20,8,,,288,8,1981,08,06,288,8,1981,08,06,1976
19151,北海道 釧路地方,標茶（シベチャ）,,2023,08,30,15,20,0.0,8,0.0,4,,,,,,173,8,2003,08,10,173,8,2003,08,10,1976
19191,北海道 釧路地方,鶴居（ツルイ）,,2023,08,30,15,20,0.0,8,0.0,4,,,,,,196,8,2003,08,10,196,8,2003,08,10,1977
19261,北海道 釧路地方,中徹別（ナカテシベツ）,,2023,08,30,15,20,0.0,8,0.0,4,,,,,,193,8,2005,09,08,184,8,2003,08,10,1976
19281,北海道 釧路地方,塘路（トウロ）,,2023,08,30,15,20,0.0,8,0.0,4,,,,,,180,8,2003,08,10,180,8,2003,08,10,1983
19301,北海道 釧路地方,茶内原野（チャナイゲンヤ）,,2023,08,30,15,20,0.0,8,0.0,4,,,,,,190.5,8,2013,09,17,159,8,1989,08,17,1984
19311,北海道 釧路地方,榊町（サカキマチ）,,2023,08,30,15,20,0.0,8,0.0,4,,,,,,187,8,2003,06,21,161,8,1989,08,17,1977
19346,北海道 釧路地方,阿寒（アカン）,,2023,08,30,15,20,0.0,8,0.0,4,,,,,,240,8,2005,09,08,189,8,2003,08,10,1976
19347,北海道 釧路地方,鶴丘（ツルオカ）,,2023,08,30,15,20,0.5,8,0.5,4,15,20,8,,,215,8,2003,07,11,189,4,2003,08,10,2003
19376,北海道 釧路地方,太田（オオタ）,,2023,08,30,15,20,0.0,8,0.0,4,,,,,,208.0,8,2015,09,19,114,8,1989,08,16,1977
19406,北海道 釧路地方,二俣（フタマタ）,,2023,08,30,15,20,0.0,8,0.0,4,,,,,,219,8,2002,07,11,188.0,8,2014,08,11,1976
19416,北海道 釧路地方,白糠（シラヌカ）,,2023,08,30,15,20,0.5,8,0.5,4,15,20,8,,,172,8,2003,07,11,158,8,2003,08,10,1976
19432,北海道 釧路地方,釧路（クシロ）,47418,2023,08,30,15,20,0.5,8,0.5,4,15,20,8,,,183.0,8,2021,09,18,131.5,8,2016,08,22,1976
19451,北海道 釧路地方,知方学（チッポマナイ）,,2023,08,30,15,20,0.0,8,0.0,4,,,,,,226,8,1986,09,04,120,8,1989,08,16,1978
20047,北海道 十勝地方,三股（ミツマタ）,,2023,08,30,15,20,0.0,8,0.0,4,,,,,,201,8,2006,08,19,201,8,2006,08,19,2006
20071,北海道 十勝地方,小利別（ショウトシベツ）,,2023,08,30,15,20,0.0,8,0.5,4,00,20,8,,,181,8,2006,08,19,181,8,2006,08,19,1983
20146,北海道 十勝地方,陸別（リクベツ）,,2023,08,30,15,20,0.0,8,0.0,4,,,,,,168,8,2006,08,19,168,8,2006,08,19,1976
20186,北海道 十勝地方,ぬかびら源泉郷（ヌカビラゲンセンキョウ）,,2023,08,30,15,20,0.0,8,0.0,4,,,,,,303,8,1981,08,05,303,8,1981,08,05,1976
20202,北海道 十勝地方,柏倉（カシワクラ）,,2023,08,30,15,20,2.5,8,2.5,4,15,20,8,,,193,8,2003,08,10,193,8,2003,08,10,1983
20222,北海道 十勝地方,上螺湾（カミラワン）,,2023,08,30,15,20,0.0,8,0.0,4,,,,,,179,4,1988,11,25,152,8,2003,08,10,1983
20266,北海道 十勝地方,上士幌（カミシホロ）,,2023,08,30,15,20,2.5,8,2.5,4,15,20,8,,,202,8,2006,08,19,202,8,2006,08,19,1976
20276,北海道 十勝地方,足寄（アショロ）,,2023,08,30,15,20,0.0,8,0.0,4,,,,,,177,8,2003,08,10,177,8,2003,08,10,1976
20331,北海道 十勝地方,押帯（オショップ）,,2023,08,30,15,20,0.5,8,0.5,4,15,20,8,,,186,8,2003,08,10,186,8,2003,08,10,1983
20341,北海道 十勝地方,本別（ホンベツ）,,2023,08,30,15,20,0.0,8,0.0,4,,,,,,178,8,2003,08,10,178,8,2003,08,10,1976
20356,北海道 十勝地方,新得（シントク）,,2023,08,30,15,20,11.0,8,11.0,4,15,20,8,,,277,4,1981,08,05,277,4,1981,08,05,1976
20361,北海道 十勝地方,鹿追（シカオイ）,,2023,08,30,15,20,2.5,8,2.5,4,15,20,8,,,273,8,1981,08,05,273,8,1981,08,05,1976
20371,北海道 十勝地方,駒場（コマバ）,,2023,08,30,15,20,0.5,8,0.5,4,15,20,8,,,160,8,1988,11,25,139,8,2003,08,10,1977
20421,北海道 十勝地方,芽室（メムロ）,,2023,08,30,15,20,6.0,8,6.0,4,15,20,8,,,281,8,1981,08,05,281,8,1981,08,05,1976
20432,北海道 十勝地方,帯広（オビヒロ）,47417,2023,08,30,15,20,1.5,8,1.5,4,15,20,8,,,186,8,1988,11,25,166,8,2003,08,10,1976
20441,北海道 十勝地方,池田（イケダ）,,2023,08,30,15,20,0.0,8,0.5,4,00,30,8,,,179,8,2003,08,10,179,8,2003,08,10,1976
20451,北海道 十勝地方,留真（ルシン）,,2023,08,30,15,20,0.0,8,0.0,4,,,,,,188,8,1989,06,30,166,8,2003,08,10,1984
20506,北海道 十勝地方,浦幌（ウラホロ）,,2023,08,30,15,20,0.0,8,0.0,4,,,,,,164,8,1989,06,30,129,8,1988,08,14,1976
20551,北海道 十勝地方,帯広泉（オビヒロイズミ）,,2023,08,30,15,20,4.0,8,4.0,4,15,20,8,,,165,8,2003,08,10,165,8,2003,08,10,2003
20556,北海道 十勝地方,糠内（ヌカナイ）,,2023,08,30,15,20,1.5,8,1.5,4,15,20,8,,,237,8,1988,11,25,190,8,1981,08,05,1978
20601,北海道 十勝地方,上札内（カミサツナイ）,,2023,08,30,15,20,5.5,8,5.5,4,15,20,8,,,331,8,1981,08,05,331,8,1981,08,05,1977
20606,北海道 十勝地方,更別（サラベツ）,,2023,08,30,15,20,6.5,8,6.5,4,15,20,8,,,264,8,1981,08,05,264,8,1981,08,05,1977
20631,北海道 十勝地方,大津（オオツ）,,2023,08,30,15,20,0.0,8,0.0,4,,,,,,204,8,1989,06,30,203,8,1988,08,14,1977
20696,北海道 十勝地方,大樹（タイキ）,,2023,08,30,15,20,5.5,8,5.5,4,15,20,8,,,315,8,1998,09,16,146,8,1981,08,05,1976
20751,北海道 十勝地方,広尾（ヒロオ）,47440,2023,08,30,15,20,3.0,8,3.0,4,15,20,8,,,350,8,1998,09,16,215,8,1989,08,28,1976
21031,北海道 胆振地方,安平（アビラ）,,2023,08,30,15,20,0.0,8,0.0,4,,,,,,186,8,1981,08,05,186,8,1981,08,05,1976
21111,北海道 胆振地方,厚真（アツマ）,,2023,08,30,15,20,0.0,8,0.0,4,,,,,,188,8,2001,09,12,181,8,2006,08,19,1976
21126,北海道 胆振地方,穂別（ホベツ）,,2023,08,30,15,20,1.5,8,1.5,4,15,20,8,,,276,8,2006,08,19,276,8,2006,08,19,1976
21161,北海道 胆振地方,大滝（オオタキ）,,2023,08,30,15,20,0.0,8,0.0,4,,,,,,285,8,1981,08,23,285,8,1981,08,23,1976
21171,北海道 胆振地方,森野（モリノ）,,2023,08,30,15,20,15.0,8,15.0,4,15,20,8,,,397.0,8,2011,08,21,397.0,8,2011,08,21,1976
21187,北海道 胆振地方,苫小牧（トマコマイ）,47424,2023,08,30,15,20,7.0,8,7.0,4,15,20,8,,,267.0,8,2014,09,12,211,8,1981,08,05,1976
21226,北海道 胆振地方,大岸（オオキシ）,,2023,08,30,15,20,0.0,8,0.0,4,,,,,,164,8,1981,08,23,164,8,1981,08,23,1977
21237,北海道 胆振地方,洞爺湖温泉（トウヤコオンセン）,,2023,08,30,15,20,0.0,8,0.0,4,,,,,,130,8,1981,08,23,130,8,1981,08,23,1978
21251,北海道 胆振地方,カルルス（カルルス）,,2023,08,30,15,20,32.0,8,32.0,4,15,20,8,,,316.0,8,2017,09,18,263,8,2001,08,23,1985
21261,北海道 胆振地方,白老（シラオイ）,,2023,08,30,15,20,24.5,8,24.5,4,15,20,8,,,444,8,1987,08,27,444,8,1987,08,27,1976
21276,北海道 胆振地方,鵡川（ムカワ）,,2023,08,30,15,20,0.5,8,0.5,4,15,20,8,,,310,8,2006,08,19,310,8,2006,08,19,1976
21297,北海道 胆振地方,伊達（ダテ）,,2023,08,30,15,20,0.0,8,0.0,4,,,,,,132.5,8,2010,08,12,132.5,8,2010,08,12,2007
21312,北海道 胆振地方,登別（ノボリベツ）,,2023,08,30,15,20,112.5,8,112.5,4,15,20,8,,,509,8,1983,09,25,293,8,1987,08,26,1976
21323,北海道 胆振地方,室蘭（ムロラン）,47423,2023,08,30,15,20,0.0,8,0.0,4,,,,,,182.5,8,2010,08,12,182.5,8,2010,08,12,1976
22036,北海道 日高地方,日高（ヒダカ）,,2023,08,30,15,20,1.5,8,1.5,4,15,20,8,,,323,8,2003,08,10,323,8,2003,08,10,1977
22072,北海道 日高地方,仁世宇（ニセウ）,,2023,08,30,15,20,3.0,8,3.0,4,15,20,8,,,424,8,2006,08,19,424,8,2006,08,19,1985
22106,北海道 日高地方,旭（アサヒ）,,2023,08,30,15,20,2.0,8,2.0,4,15,20,8,,,378,8,2003,08,10,378,8,2003,08,10,1985
22141,北海道 日高地方,日高門別（ヒダカモンベツ）,,2023,08,30,15,20,9.0,8,9.0,4,15,20,8,,,294,8,1981,08,06,294,8,1981,08,06,1976
22156,北海道 日高地方,新和（シンワ）,,2023,08,30,15,20,3.0,8,3.0,4,15,20,8,,,337,8,2003,08,10,337,8,2003,08,10,1976
22206,北海道 日高地方,笹山（ササヤマ）,,2023,08,30,15,20,5.0,8,5.0,4,15,20,8,,,185,8,2003,08,10,185,8,2003,08,10,1987
22241,北海道 日高地方,静内（シズナイ）,,2023,08,30,15,20,9.0,8,9.0,4,15,20,8,,,253,8,1981,08,06,253,8,1981,08,06,1976
22291,北海道 日高地方,三石（ミツイシ）,,2023,08,30,15,20,9.0,8,9.5,4,10,40,8,,,244,8,1981,08,05,244,8,1981,08,05,1977
22306,北海道 日高地方,中杵臼（ナカキネウス）,,2023,08,30,15,20,3.5,8,30.0,4,01,30,8,,,343,8,1981,07,06,288,8,1981,08,05,1978
22327,北海道 日高地方,浦河（ウラカワ）,47426,2023,08,30,15,20,1.5,8,1.5,4,15,20,8,,,195,8,1981,07,06,194,8,1981,08,05,1976
22356,北海道 日高地方,目黒（メグロ）,,2023,08,30,15,20,4.0,8,10.5,4,02,00,8,,,291,8,2003,07,11,247,8,1988,08,14,1978
22366,北海道 日高地方,幌満（ホロマン）,,2023,08,30,15,20,0.0,8,1.5,4,05,00,8,,,229,8,2003,07,11,219,8,1981,08,05,1978
22391,北海道 日高地方,えりも岬（エリモミサキ）,,2023,08,30,15,20,0.0,8,0.0,4,,,,,,236.0,8,2021,09,18,129.5,8,2022,08,12,1978
23031,北海道 渡島地方,長万部（オシャマンベ）,,2023,08,30,15,20,0.0,8,0.0,4,,,,,,193.0,8,2022,08,16,193.0,8,2022,08,16,1976
23086,北海道 渡島地方,八雲（ヤクモ）,,2023,08,30,15,20,0.0,8,0.0,4,,,,,,217.0,8,2013,08,09,217.0,8,2013,08,09,1976
23166,北海道 渡島地方,森（モリ）,,2023,08,30,15,20,0.0,8,0.0,4,,,,,,186.0,8,2010,08,12,186.0,8,2010,08,12,2002
23191,北海道 渡島地方,大沼（オオヌマ）,,2023,08,30,15,20,0.0,8,0.0,4,,,,,,190,8,2001,09,12,143.0,8,2010,08,12,1976
23206,北海道 渡島地方,川汲（カックミ）,,2023,08,30,15,20,1.5,8,1.5,4,15,20,8,,,305,8,1998,09,16,234,8,2004,08,20,1976
23226,北海道 渡島地方,北斗（ホクト）,,2023,08,30,15,20,0.0,8,0.0,4,,,,,,180,8,1991,10,16,154,8,1981,08,23,1976
23232,北海道 渡島地方,函館（ハコダテ）,47430,2023,08,30,15,20,0.0,8,0.0,4,,,,,,139,8,1986,09,04,131,8,1998,08,16,1976
23281,北海道 渡島地方,高松（タカマツ）,,2023,08,30,15,20,0.0,8,0.0,4,,,,,,145.0,8,2022,08,09,145.0,8,2022,08,09,2003
23291,北海道 渡島地方,戸井泊（トイトマリ）,,2023,08,30,15,20,0.0,8,0.0,4,,,,,,305.5,8,2021,08,10,305.5,8,2021,08,10,2003
23321,北海道 渡島地方,知内（シリウチ）,,2023,08,30,15,20,0.0,8,0.0,4,,,,,,192.5,8,2021,11,03,164.0,8,2015,08,18,2004
23326,北海道 渡島地方,木古内（キコナイ）,,2023,08,30,15,20,0.0,8,0.0,4,,,,,,222.5,8,2021,11,03,168,8,1995,08,21,1976
23356,北海道 渡島地方,千軒（センゲン）,,2023,08,30,15,20,0.0,8,0.0,4,,,,,,209.0,8,2017,09,18,203,8,1981,08,23,1978
23376,北海道 渡島地方,松前（マツマエ）,,2023,08,30,15,20,0.0,8,0.0,4,,,,,,178.5,8,2014,08,22,178.5,8,2014,08,22,1977
24141,北海道 渡島地方,熊石（クマイシ）,,2023,08,30,15,20,0.0,8,0.0,4,,,,,,320,8,1998,05,02,196.0,8,2010,08,12,1976
24041,北海道 檜山地方,せたな（セタナ）,,2023,08,30,15,20,0.0,8,0.0,4,,,,,,181,8,1998,05,02,174,8,1989,08,14,1976
24051,北海道 檜山地方,今金（イマカネ）,,2023,08,30,15,20,0.0,8,0.0,4,,,,,,226.0,8,2022,08,16,226.0,8,2022,08,16,1976
24101,北海道 檜山地方,奥尻（オクシリ）,,2023,08,30,15,20,0.0,8,0.0,4,,,,,,192.0,8,2022,08,16,192.0,8,2022,08,16,2000
24156,北海道 檜山地方,米岡（ヨネオカ）,,2023,08,30,15,20,0.0,8,0.0,4,,,,,,162.5,8,2010,08,12,162.5,8,2010,08,12,2003
24166,北海道 檜山地方,潮見（シオミ）,,2023,08,30,15,20,0.0,8,0.0,4,,,,,,229,8,1998,05,02,204.0,8,2010,08,12,1976
24201,北海道 檜山地方,鶉（ウズラ）,,2023,08,30,15,20,0.0,8,0.0,4,,,,,,209,8,1995,08,21,209,8,1995,08,21,1977
24217,北海道 檜山地方,江差（エサシ）,47428,2023,08,30,15,20,0.0,8,0.0,4,,,,,,184.0,8,2010,08,12,184.0,8,2010,08,12,1976
24236,北海道 檜山地方,石崎（イシザキ）,,2023,08,30,15,20,0.0,8,0.0,4,,,,,,183.0,8,2008,08,03,183.0,8,2008,08,03,1977
31001,青森県,大間（オオマ）,,2023,08,30,15,20,0.0,8,0.0,4,,,,,,165,8,1998,08,03,165,8,1998,08,03,1976
31036,青森県,湯野川（ユノカワ）,,2023,08,30,15,20,0.5,8,0.5,4,15,20,8,,,151,8,2007,11,12,129.0,8,2016,08,30,2005
31111,青森県,むつ（ムツ）,47576,2023,08,30,15,20,0.0,8,0.0,4,,,,,,224,8,1981,08,23,224,8,1981,08,23,1976
31121,青森県,小田野沢（オダノサワ）,,2023,08,30,15,20,2.5,8,2.5,4,15,20,8,,,216,8,2001,09,11,166,8,1981,08,23,1976
31136,青森県,今別（イマベツ）,,2023,08,30,15,20,0.0,8,0.0,4,,,,,,157,8,1979,08,27,157,8,1979,08,27,1976
31156,青森県,脇野沢（ワキノサワ）,,2023,08,30,15,20,0.0,8,0.0,4,,,,,,194,8,2005,09,19,161,8,1981,08,23,1976
31186,青森県,市浦（シウラ）,,2023,08,30,15,20,0.0,8,0.0,4,,,,,,181.0,8,2010,09,01,164.5,8,2022,08,10,1976
31201,青森県,蟹田（カニタ）,,2023,08,30,15,20,0.0,8,0.0,4,,,,,,168,8,1981,08,23,168,8,1981,08,23,1976
31296,青森県,五所川原（ゴショガワラ）,,2023,08,30,15,20,0.0,8,0.0,4,,,,,,174,8,1981,08,23,174,8,1981,08,23,1976
31312,青森県,青森（アオモリ）,47575,2023,08,30,15,20,0.0,8,0.0,4,,,,,,212,8,2007,11,12,156.0,8,2022,08,10,1976
31321,青森県,大和山（ヤマトヤマ）,,2023,08,30,15,20,0.0,8,0.0,4,,,,,,255,8,2007,11,12,182.5,8,2021,08,10,1976
31332,青森県,野辺地（ノヘジ）,,2023,08,30,15,20,0.0,8,0.0,4,,,,,,182.5,8,2016,08,18,182.5,8,2016,08,18,2008
31336,青森県,六ケ所（ロッカショ）,,2023,08,30,15,20,0.0,8,0.0,4,,,,,,216,8,1990,10,27,172.0,8,2016,08,17,1982
31366,青森県,鰺ケ沢（アジガサワ）,,2023,08,30,15,20,0.0,8,0.0,4,,,,,,202.5,8,2022,08,10,202.5,8,2022,08,10,1976
31386,青森県,青森大谷（アオモリオオタニ）,,2023,08,30,15,20,0.0,8,0.0,4,,,,,,169.0,8,2022,08,10,169.0,8,2022,08,10,2003
31411,青森県,七戸（シチノヘ）,,2023,08,30,15,20,0.0,8,0.0,4,,,,,,192,8,2007,11,12,168,8,1986,08,05,1977
31436,青森県,深浦（フカウラ）,47574,2023,08,30,15,20,0.0,8,0.0,4,,,,,,325.0,8,2022,08,10,325.0,8,2022,08,10,1976
31451,青森県,岳（ダケ）,,2023,08,30,15,20,0.0,8,0.0,4,,,,,,259.0,8,2022,08,10,259.0,8,2022,08,10,1976
31461,青森県,弘前（ヒロサキ）,,2023,08,30,15,20,0.0,8,0.0,4,,,,,,243,8,1977,08,06,243,8,1977,08,06,1976
31466,青森県,黒石（クロイシ）,,2023,08,30,15,20,0.0,4,0.0,4,,,,,,263,8,1977,08,06,263,8,1977,08,06,1976
31482,青森県,酸ケ湯（スカユ）,,2023,08,30,15,20,0.0,8,0.0,4,,,,,,230,8,1990,10,27,225.0,8,2022,08,10,1976
31506,青森県,三沢（ミサワ）,,2023,08,30,15,20,0.0,8,0.0,4,,,,,,198,8,1994,09,16,137,8,1986,08,06,1976
31551,青森県,大鰐（オオワニ）,,2023,08,30,15,20,0.0,8,0.0,4,,,,,,166.0,8,2022,08,10,166.0,8,2022,08,10,2010
31562,青森県,温川（ヌルカワ）,,2023,08,30,15,20,1.0,4,1.0,4,15,20,8,,,179.5,8,2022,08,03,179.5,8,2022,08,03,1983
31586,青森県,十和田（トワダ）,,2023,08,30,15,20,0.0,8,0.0,4,,,,,,254,8,1990,10,27,172.0,8,2022,08,03,1976
31602,青森県,八戸（ハチノヘ）,47581,2023,08,30,15,20,0.0,8,0.0,4,,,,,,171.5,8,2019,10,13,133.5,8,2022,08,03,1976
31646,青森県,碇ケ関（イカリガセキ）,,2023,08,30,15,20,0.0,8,0.0,4,,,,,,190.0,8,2022,08,03,190.0,8,2022,08,03,1976
31662,青森県,休屋（ヤスミヤ）,,2023,08,30,15,20,6.5,8,6.5,4,15,20,8,,,191,8,2006,10,07,183.0,8,2022,08,13,1982
31671,青森県,戸来（ヘライ）,,2023,08,30,15,20,0.5,8,0.5,4,15,20,8,,,225,8,1999,10,28,164,8,1986,08,05,1978
31721,青森県,三戸（サンノヘ）,,2023,08,30,15,20,0.0,8,0.0,4,,,,,,246,8,1999,10,28,129,8,1986,08,05,1976
32056,秋田県,八森（ハチモリ）,,2023,08,30,15,20,0.0,8,0.0,4,,,,,,229.0,8,2023,07,16,202.0,8,2022,08,10,1976
32071,秋田県,藤里（フジサト）,,2023,08,30,15,20,0.0,8,0.0,4,,,,,,289.5,8,2023,07,16,159.5,8,2011,08,17,1978
32091,秋田県,陣場（ジンバ）,,2023,08,30,15,20,0.0,8,0.0,4,,,,,,179,8,1999,09,01,173.5,8,2022,08,03,1976
32096,秋田県,藤原（フジワラ）,,2023,08,30,15,20,0.0,8,0.0,4,,,,,,166,8,2005,09,02,161.0,8,2022,08,13,1983
32111,秋田県,能代（ノシロ）,,2023,08,30,15,20,0.0,8,0.0,4,,,,,,180.5,8,2023,07,15,130,8,1977,08,06,1976
32126,秋田県,鷹巣（タカノス）,,2023,08,30,15,20,0.0,8,0.0,4,,,,,,187.5,8,2023,07,15,165.0,8,2022,08,03,1976
32136,秋田県,大館（オオダテ）,,2023,08,30,15,20,0.0,8,0.0,4,,,,,,164.0,8,2022,08,10,164.0,8,2022,08,10,1976
32146,秋田県,鹿角（カヅノ）,,2023,08,30,15,20,4.5,8,4.5,4,15,20,8,,,293.0,8,2013,08,10,293.0,8,2013,08,10,1976
32181,秋田県,脇神（ワキガミ）,,2023,08,30,15,20,0.0,8,0.0,4,,,,,,189,8,2007,09,18,176.5,8,2022,08,10,2003
32206,秋田県,湯瀬（ユゼ）,,2023,08,30,15,20,2.5,8,2.5,4,15,20,8,,,213,8,2007,09,18,143.0,8,2018,08,16,1976
32266,秋田県,八幡平（ハチマンタイ）,,2023,08,30,15,20,0.0,8,0.0,4,,,,,,208,8,2007,09,18,149,8,1981,08,23,1978
32276,秋田県,男鹿真山（オガシンザン）,,2023,08,30,15,20,0.0,8,0.0,4,,,,,,196.5,8,2023,07,15,156.5,8,2008,08,21,1985
32286,秋田県,男鹿（オガ）,,2023,08,30,15,20,0.0,8,0.0,4,,,,,,244.0,8,2023,07,15,133,8,1979,08,27,1976
32287,秋田県,大潟（オオガタ）,,2023,08,30,15,20,0.0,8,0.0,4,,,,,,159,8,1982,08,30,159,8,1982,08,30,1977
32296,秋田県,五城目（ゴジョウメ）,,2023,08,30,15,20,0.0,8,0.0,4,,,,,,181.5,8,2017,07,23,180.5,8,2022,08,13,1976
32311,秋田県,阿仁合（アニアイ）,,2023,08,30,15,20,0.0,8,0.0,4,,,,,,262.0,8,2018,08,16,262.0,8,2018,08,16,1976
32312,秋田県,比立内（ヒタチナイ）,,2023,08,30,15,20,0.0,8,0.0,4,,,,,,225.0,8,2017,07,23,184.5,8,2017,08,25,1976
32376,秋田県,桧木内（ヒノキナイ）,,2023,08,30,15,20,0.0,8,0.0,4,,,,,,287.5,8,2017,07,23,250.5,8,2013,08,10,1978
32402,秋田県,秋田（アキタ）,47582,2023,08,30,15,20,0.0,8,0.0,4,,,,,,188.5,8,2023,07,16,128,8,1995,08,26,1976
32407,秋田県,岩見三内（イワミサンナイ）,,2023,08,30,15,20,0.0,8,0.0,4,,,,,,241,8,1987,08,17,241,8,1987,08,17,1976
32408,秋田県,仁別（ニベツ）,,2023,08,30,15,20,0.0,8,0.0,4,,,,,,332.5,8,2023,07,16,165,8,1987,08,17,1985
32426,秋田県,鎧畑（ヨロイバタ）,,2023,08,30,15,20,0.0,8,0.0,4,,,,,,292.0,8,2013,08,10,292.0,8,2013,08,10,1977
32431,秋田県,田沢湖高原（タザワココウゲン）,,2023,08,30,15,20,0.0,8,0.0,4,,,,,,257.0,8,2017,07,23,202.5,8,2017,08,25,2014
32451,秋田県,雄和（ユウワ）,,2023,08,30,15,20,0.0,8,0.0,4,,,,,,348.0,8,2017,07,23,122.0,8,2017,08,25,2003
32466,秋田県,角館（カクノダテ）,,2023,08,30,15,20,0.0,8,0.0,4,,,,,,295.5,8,2017,07,23,184.5,8,2017,08,25,1976
32476,秋田県,田沢湖（タザワコ）,,2023,08,30,15,20,0.0,8,0.0,4,,,,,,232,8,2007,09,17,228,8,1987,08,17,1976
32496,秋田県,大正寺（ダイショウジ）,,2023,08,30,15,20,2.0,8,2.0,4,15,20,8,,,304.0,8,2017,07,23,175.5,8,2010,08,15,1976
32551,秋田県,大曲（オオマガリ）,,2023,08,30,15,20,0.0,8,0.0,4,,,,,,242.0,8,2017,07,23,184.5,8,2020,08,31,1976
32571,秋田県,本荘（ホンジョウ）,,2023,08,30,15,20,0.0,8,0.0,4,,,,,,219.5,8,2021,07,12,151,8,2007,08,27,1976
32581,秋田県,東由利（ヒガシユリ）,,2023,08,30,15,20,1.5,8,1.5,4,15,20,8,,,160.0,8,2017,07,23,154,8,1995,08,26,1976
32596,秋田県,横手（ヨコテ）,,2023,08,30,15,20,0.0,8,0.0,4,,,,,,311.0,8,2017,07,23,213,8,2001,08,01,1976
32616,秋田県,にかほ（ニカホ）,,2023,08,30,15,20,0.0,8,0.0,4,,,,,,169.0,8,2017,07,23,119,8,1999,08,25,1976
32626,秋田県,矢島（ヤシマ）,,2023,08,30,15,20,0.0,8,0.0,4,,,,,,234.0,8,2011,06,24,136,8,1987,08,17,1976
32681,秋田県,笹子（ジネゴ）,,2023,08,30,15,20,1.5,8,1.5,4,15,20,8,,,237,8,1987,08,17,237,8,1987,08,17,1983
32691,秋田県,湯沢（ユザワ）,,2023,08,30,15,20,0.0,8,0.0,4,,,,,,160,8,1987,08,17,160,8,1987,08,17,1976
32701,秋田県,東成瀬（ヒガシナルセ）,,2023,08,30,15,20,0.0,8,0.0,4,,,,,,143,8,1987,08,29,143,8,1987,08,29,1976
32771,秋田県,湯の岱（ユノタイ）,,2023,08,30,15,20,0.0,8,0.0,4,,,,,,193,8,1981,08,23,193,8,1981,08,23,1976
33006,岩手県,種市（タネイチ）,,2023,08,30,15,20,3.0,8,3.0,4,15,20,8,,,241.5,8,2019,10,13,165,8,1986,08,06,1976
33026,岩手県,軽米（カルマイ）,,2023,08,30,15,20,0.0,8,0.0,4,,,,,,232,8,1999,10,28,132.0,8,2018,08,16,1976
33071,岩手県,二戸（ニノヘ）,,2023,08,30,15,20,0.0,8,0.0,4,,,,,,218,8,1999,10,28,117,8,1986,08,05,1976
33086,岩手県,大野（オオノ）,,2023,08,30,15,20,0.0,8,0.0,4,,,,,,289.5,8,2019,10,13,151.5,8,2018,08,16,1976
33136,岩手県,山形（ヤマガタ）,,2023,08,30,15,20,0.0,8,0.0,4,,,,,,267,8,1999,10,28,162.0,8,2016,08,30,1977
33146,岩手県,久慈（クジ）,,2023,08,30,15,20,4.0,8,4.0,4,15,20,8,,,337.5,8,2019,10,13,169,8,1986,08,05,1976
33166,岩手県,荒屋（アラヤ）,,2023,08,30,15,20,0.0,8,0.0,4,,,,,,179,8,2007,09,18,145,8,1986,08,05,1976
33176,岩手県,奥中山（オクナカヤマ）,,2023,08,30,15,20,0.0,8,0.0,4,,,,,,157,8,2006,10,07,155,8,1991,08,31,1977
33186,岩手県,葛巻（クズマキ）,,2023,08,30,15,20,0.0,8,0.0,4,,,,,,171,8,2006,10,07,140.5,8,2022,08,03,1976
33201,岩手県,下戸鎖（シモトクサリ）,,2023,08,30,15,20,16.0,8,16.0,4,15,20,8,,,346,8,1999,10,28,267.5,8,2023,08,15,1978
33206,岩手県,普代（フダイ）,,2023,08,30,15,20,1.0,8,1.0,4,15,20,8,,,437.0,8,2019,10,13,244.5,8,2021,08,10,1976
33226,岩手県,岩手松尾（イワテマツオ）,,2023,08,30,15,20,0.0,8,0.0,4,,,,,,187,8,1990,09,20,171,8,1986,08,05,1976
33231,岩手県,一方井（イッカタイ）,,2023,08,30,15,20,0.0,8,0.0,4,,,,,,126.0,8,2022,08,03,126.0,8,2022,08,03,2014
33296,岩手県,好摩（コウマ）,,2023,08,30,15,20,0.0,8,0.0,4,,,,,,172,8,2002,07,11,116.0,8,2022,08,04,1976
33326,岩手県,岩泉（イワイズミ）,,2023,08,30,15,20,0.0,8,0.0,4,,,,,,250.0,8,2010,12,23,203.5,8,2016,08,30,1976
33336,岩手県,小本（オモト）,,2023,08,30,15,20,18.0,8,18.0,4,15,20,8,,,576.0,8,2023,08,14,576.0,8,2023,08,14,1977
33351,岩手県,葛根田（カッコンダ）,,2023,08,30,15,20,0.0,8,0.0,4,,,,,,257,8,2007,09,18,180,8,1995,08,06,1977
33361,岩手県,滝沢（タキザワ）,,2023,08,30,15,20,0.0,8,0.0,4,,,,,,187,8,2007,09,18,129.0,8,2017,08,25,2005
33371,岩手県,薮川（ヤブカワ）,,2023,08,30,15,20,0.0,8,0.0,4,,,,,,149.0,8,2017,07,23,147.0,8,2020,08,30,1976
33421,岩手県,雫石（シズクイシ）,,2023,08,30,15,20,0.0,8,0.0,4,,,,,,267.5,8,2013,08,10,267.5,8,2013,08,10,1976
33431,岩手県,盛岡（モリオカ）,47584,2023,08,30,15,20,0.0,8,0.0,4,,,,,,199,8,2007,09,18,159,8,1982,08,31,1976
33441,岩手県,区界（クザカイ）,,2023,08,30,15,20,0.0,8,0.0,4,,,,,,147,8,2007,09,17,128.5,8,2022,08,14,1993
33472,岩手県,宮古（ミヤコ）,47585,2023,08,30,15,20,0.5,8,0.5,4,15,20,8,,,394.5,8,2019,10,13,252,8,1986,08,05,1976
33486,岩手県,沢内（サワウチ）,,2023,08,30,15,20,0.0,8,0.0,4,,,,,,243.5,8,2017,08,25,243.5,8,2017,08,25,2017
33501,岩手県,紫波（シワ）,,2023,08,30,15,20,0.0,8,0.0,4,,,,,,221,8,2007,09,18,211.0,8,2013,08,10,1976
33526,岩手県,川井（カワイ）,,2023,08,30,15,20,0.0,8,0.0,4,,,,,,189.5,8,2016,08,30,189.5,8,2016,08,30,1977
33566,岩手県,豊沢（トヨサワ）,,2023,08,30,15,20,0.0,8,0.0,4,,,,,,276,8,2007,09,18,200,8,1979,08,05,1976
33576,岩手県,花巻（ハナマキ）,,2023,08,30,15,20,0.0,8,0.0,4,,,,,,203,8,2007,09,18,123.0,8,2022,08,14,1976
33581,岩手県,大迫（オオハサマ）,,2023,08,30,15,20,0.0,8,0.0,4,,,,,,160,8,1982,08,31,160,8,1982,08,31,1976
33596,岩手県,附馬牛（ツキモウシ）,,2023,08,30,15,20,0.0,8,0.0,4,,,,,,159.5,8,2011,06,24,126.0,8,2023,08,13,2005
33611,岩手県,大槌（オオツチ）,,2023,08,30,15,20,0.0,8,0.0,4,,,,,,225,8,2002,07,11,206.0,8,2016,08,30,2000
33616,岩手県,山田（ヤマダ）,,2023,08,30,15,20,0.0,8,0.0,4,,,,,,345.0,8,2012,05,04,274,8,1986,08,05,1976
33631,岩手県,湯田（ユダ）,,2023,08,30,15,20,0.0,8,0.0,4,,,,,,272,8,2001,08,01,272,8,2001,08,01,1976
33671,岩手県,遠野（トオノ）,,2023,08,30,15,20,0.0,8,0.0,4,,,,,,174,8,1999,07,14,147,8,1981,08,23,1976
33711,岩手県,金ヶ崎（カネガサキ）,,2023,08,30,15,20,0.0,8,0.0,4,,,,,,161.5,8,2019,10,13,121.0,8,2022,08,14,2006
33716,岩手県,北上（キタカミ）,,2023,08,30,15,20,0.0,8,0.0,4,,,,,,251,8,1982,08,31,251,8,1982,08,31,1976
33726,岩手県,米里（ヨネサト）,,2023,08,30,15,20,0.0,8,0.0,4,,,,,,142,8,1990,11,05,131.0,8,2018,08,16,1976
33751,岩手県,釜石（カマイシ）,,2023,08,30,15,20,0.0,8,0.0,4,,,,,,356,8,2002,07,11,293,8,1982,08,30,1976
33776,岩手県,若柳（ワカヤナギ）,,2023,08,30,15,20,0.0,8,0.0,4,,,,,,204,8,2002,07,11,168,8,1988,08,29,1976
33781,岩手県,江刺（エサシ）,,2023,08,30,15,20,0.0,8,0.0,4,,,,,,221,8,2001,08,01,221,8,2001,08,01,1976
33801,岩手県,住田（スミタ）,,2023,08,30,15,20,0.0,8,0.0,4,,,,,,231,8,2002,07,11,166,8,1988,08,30,1977
33831,岩手県,祭畤（マツルベ）,,2023,08,30,15,20,0.0,8,0.0,4,,,,,,337,8,1988,08,29,337,8,1988,08,29,1976
33841,岩手県,衣川（コロモガワ）,,2023,08,30,15,20,0.0,8,0.0,4,,,,,,203,8,2002,07,11,149.5,8,2018,08,06,1976
33856,岩手県,大東（ダイトウ）,,2023,08,30,15,20,0.0,8,0.0,4,,,,,,148.5,8,2013,07,27,118.0,8,2018,08,06,2005
33877,岩手県,大船渡（オオフナト）,47512,2023,08,30,15,20,2.5,8,2.5,4,15,20,8,,,245,8,2002,07,11,226,8,1986,08,05,1976
33911,岩手県,一関（イチノセキ）,,2023,08,30,15,20,0.0,8,0.0,4,,,,,,202,8,2002,07,11,172,8,1986,08,05,1976
33921,岩手県,千厩（センマヤ）,,2023,08,30,15,20,0.0,8,0.0,4,,,,,,175,8,2002,07,11,149,8,1986,08,05,1976
34012,宮城県,駒ノ湯（コマノユ）,,2023,08,30,15,20,0.0,8,0.0,4,,,,,,283,8,1989,08,28,283,8,1989,08,28,1976
34026,宮城県,気仙沼（ケセンヌマ）,,2023,08,30,15,20,0.0,8,0.0,4,,,,,,274,8,1986,08,05,274,8,1986,08,05,1976
34056,宮城県,鴬沢（ウグイスザワ）,,2023,08,30,15,20,0.0,8,0.0,4,,,,,,194.5,8,2015,09,11,112.0,8,2018,08,06,2001
34096,宮城県,川渡（カワタビ）,,2023,08,30,15,20,3.0,8,3.0,4,15,20,8,,,193,8,1989,08,28,193,8,1989,08,28,1976
34111,宮城県,築館（ツキダテ）,,2023,08,30,15,20,0.0,8,0.0,4,,,,,,216.0,8,2022,07,16,178,8,1986,08,05,1976
34171,宮城県,米山（ヨネヤマ）,,2023,08,30,15,20,0.0,8,0.0,4,,,,,,229.0,8,2019,10,13,157,8,1986,08,05,1976
34186,宮城県,志津川（シヅガワ）,,2023,08,30,15,20,0.0,8,0.0,4,,,,,,240.5,8,2019,10,13,161,8,1988,08,30,1976
34206,宮城県,加美（カミ）,,2023,08,30,15,20,0.0,8,0.0,4,,,,,,275.0,8,2019,10,13,119.0,8,2008,08,24,2005
34216,宮城県,古川（フルカワ）,,2023,08,30,15,20,0.0,8,0.0,4,,,,,,239.0,8,2022,07,16,219,8,1986,08,05,1976
34241,宮城県,雄勝（オガツ）,,2023,08,30,15,20,0.0,8,0.0,4,,,,,,437.0,8,2011,09,21,299,8,1986,08,05,1976
34262,宮城県,泉ケ岳（イズミガダケ）,,2023,08,30,15,20,0.0,8,0.0,4,,,,,,293.0,8,2015,09,11,171.0,8,2015,08,18,2005
34266,宮城県,大衡（オオヒラ）,,2023,08,30,15,20,0.0,8,0.0,4,,,,,,309.5,8,2019,10,13,273,8,1986,08,05,1976
34276,宮城県,鹿島台（カシマダイ）,,2023,08,30,15,20,0.0,8,0.0,4,,,,,,268,4,1986,08,05,268,4,1986,08,05,1976
34292,宮城県,石巻（イシノマキ）,47592,2023,08,30,15,20,0.0,8,0.0,4,,,,,,231.0,8,2011,09,21,173,8,1986,08,05,1976
34296,宮城県,女川（オナガワ）,,2023,08,30,15,20,0.0,8,0.0,4,,,,,,376.5,8,2011,09,21,113.5,8,2016,08,17,2011
34311,宮城県,新川（ニッカワ）,,2023,08,30,15,20,0.0,8,0.0,4,,,,,,231,8,1986,08,05,231,8,1986,08,05,1976
34331,宮城県,塩釜（シオガマ）,,2023,08,30,15,20,0.0,8,0.0,4,,,,,,387,8,1986,08,05,387,8,1986,08,05,1976
34392,宮城県,仙台（センダイ）,47590,2023,08,30,15,20,0.0,8,0.0,4,,,,,,380,8,1986,08,05,380,8,1986,08,05,1976
34436,宮城県,名取（ナトリ）,,2023,08,30,15,20,0.0,8,0.0,4,,,,,,286.0,8,2019,10,13,87.5,8,2018,08,28,2003
34461,宮城県,白石（シロイシ）,,2023,08,30,15,20,1.0,8,1.0,4,15,20,8,,,357.5,8,2019,10,13,263,8,1986,08,05,1976
34462,宮城県,蔵王（ザオウ）,,2023,08,30,15,20,0.0,8,0.0,4,,,,,,226.5,8,2019,10,13,102.0,8,2009,08,10,2005
34471,宮城県,亘理（ワタリ）,,2023,08,30,15,20,0.0,8,0.0,4,,,,,,399,4,1986,08,05,399,4,1986,08,05,1976
34506,宮城県,丸森（マルモリ）,,2023,08,30,15,20,0.0,8,0.0,4,,,,,,421.0,8,2019,10,13,288,8,1986,08,05,1977
34526,宮城県,筆甫（ヒッポ）,,2023,08,30,15,20,0.0,8,0.0,4,,,,,,588.0,8,2019,10,13,379,8,1989,08,06,1978
35002,山形県,飛島（トビシマ）,,2023,08,30,15,20,0.0,8,0.0,4,,,,,,251,8,2005,08,13,251,8,2005,08,13,1978
35052,山形県,酒田（サカタ）,47587,2023,08,30,15,20,0.0,8,0.0,4,,,,,,179.5,8,2011,08,18,179.5,8,2011,08,18,1976
35056,山形県,酒田大沢（サカタオオサワ）,,2023,08,30,15,20,0.0,8,0.0,4,,,,,,296.0,8,2018,08,06,296.0,8,2018,08,06,2017
35071,山形県,差首鍋（サスナベ）,,2023,08,30,15,20,0.0,8,0.0,4,,,,,,299.0,8,2018,08,06,299.0,8,2018,08,06,1976
35086,山形県,浜中（ハマナカ）,,2023,08,30,15,20,0.0,8,0.0,4,,,,,,338.0,8,2008,08,15,338.0,8,2008,08,15,2003
35116,山形県,金山（カネヤマ）,,2023,08,30,15,20,0.0,8,0.0,4,,,,,,312.5,8,2018,08,06,312.5,8,2018,08,06,1976
35141,山形県,鶴岡（ツルオカ）,,2023,08,30,15,20,0.0,8,0.0,4,,,,,,212.5,8,2011,08,18,212.5,8,2011,08,18,1976
35146,山形県,狩川（カリカワ）,,2023,08,30,15,20,0.0,8,0.0,4,,,,,,429.0,8,2008,08,15,429.0,8,2008,08,15,1976
35162,山形県,新庄（シンジョウ）,47520,2023,08,30,15,20,0.5,8,0.5,4,15,20,8,,,268.5,8,2018,08,06,268.5,8,2018,08,06,1976
35171,山形県,瀬見（セミ）,,2023,08,30,15,20,0.0,8,0.0,4,,,,,,309.5,8,2018,08,06,309.5,8,2018,08,06,1976
35176,山形県,向町（ムカイマチ）,,2023,08,30,15,20,0.0,8,0.0,4,,,,,,263.5,8,2018,08,06,263.5,8,2018,08,06,1976
35201,山形県,櫛引（クシビキ）,,2023,08,30,15,20,0.0,8,0.0,4,,,,,,169.5,8,2011,08,18,169.5,8,2011,08,18,1977
35216,山形県,肘折（ヒジオリ）,,2023,08,30,15,20,9.0,8,9.0,4,15,20,8,,,229.0,8,2018,08,06,229.0,8,2018,08,06,1976
35231,山形県,尾花沢（オバナザワ）,,2023,08,30,15,20,0.0,8,0.0,4,,,,,,195.5,8,2018,08,06,195.5,8,2018,08,06,1976
35246,山形県,鼠ケ関（ネズガセキ）,,2023,08,30,15,20,0.0,8,0.0,4,,,,,,306,8,1987,08,29,306,8,1987,08,29,1976
35256,山形県,荒沢（アラサワ）,,2023,08,30,15,20,0.0,8,0.0,4,,,,,,273,8,1987,08,29,273,8,1987,08,29,1979
35332,山形県,村山（ムラヤマ）,,2023,08,30,15,20,0.0,8,0.0,4,,,,,,141.5,8,2020,07,28,137.0,8,2018,08,06,2002
35334,山形県,東根（ヒガシネ）,,2023,08,30,15,20,0.0,8,0.0,4,,,,,,152.0,8,2020,07,28,120.0,8,2018,08,06,2003
35361,山形県,大井沢（オオイサワ）,,2023,08,30,15,20,10.5,8,10.5,4,15,20,8,,,249.0,8,2013,07,18,149.5,8,2018,08,17,1978
35376,山形県,左沢（アテラザワ）,,2023,08,30,15,20,22.5,8,22.5,4,15,20,8,,,199,8,1976,08,06,199,8,1976,08,06,1976
35426,山形県,山形（ヤマガタ）,47588,2023,08,30,15,20,0.0,8,0.0,4,,,,,,183,8,1981,08,23,183,8,1981,08,23,1976
35456,山形県,長井（ナガイ）,,2023,08,30,15,20,0.0,8,0.0,4,,,,,,241.5,8,2022,08,04,241.5,8,2022,08,04,1976
35466,山形県,上山中山（カミノヤマナカヤマ）,,2023,08,30,15,20,0.0,8,0.0,4,,,,,,184.5,8,2014,07,10,105.5,8,2022,08,04,2006
35486,山形県,小国（オグニ）,,2023,08,30,15,20,0.0,8,0.0,4,,,,,,352.5,8,2022,08,04,352.5,8,2022,08,04,1976
35511,山形県,高畠（タカハタ）,,2023,08,30,15,20,0.0,8,0.0,4,,,,,,240.5,8,2019,10,13,155,8,1986,08,05,1977
35537,山形県,中津川（ナカツガワ）,,2023,08,30,15,20,2.0,8,36.5,4,13,50,8,,,186.5,8,2022,08,04,186.5,8,2022,08,04,1981
35541,山形県,高峰（タカミネ）,,2023,08,30,15,20,0.5,8,0.5,4,15,20,8,,,306.5,8,2022,08,04,306.5,8,2022,08,04,1976
35552,山形県,米沢（ヨネザワ）,,2023,08,30,15,20,0.0,8,0.0,4,,,,,,256.0,8,2022,08,04,256.0,8,2022,08,04,1976
36056,福島県,茂庭（モニワ）,,2023,08,30,15,20,3.5,8,3.5,4,15,20,8,,,208,8,2002,07,11,137.0,8,2016,08,17,1992
36066,福島県,梁川（ヤナガワ）,,2023,08,30,15,20,0.0,8,0.0,4,,,,,,213.5,8,2019,10,13,187,8,1986,08,05,1976
36106,福島県,桧原（ヒバラ）,,2023,08,30,15,20,0.0,8,0.0,4,,,,,,314.5,8,2022,08,04,314.5,8,2022,08,04,1978
36127,福島県,福島（フクシマ）,47595,2023,08,30,15,20,5.5,8,5.5,4,15,20,8,,,261,8,1986,08,05,261,8,1986,08,05,1976
36151,福島県,相馬（ソウマ）,,2023,08,30,15,20,0.0,8,0.0,4,,,,,,292,8,1986,08,05,292,8,1986,08,05,1976
36176,福島県,喜多方（キタカタ）,,2023,08,30,15,20,0.0,8,0.0,4,,,,,,275.5,8,2022,08,04,275.5,8,2022,08,04,1976
36196,福島県,鷲倉（ワシクラ）,,2023,08,30,15,20,4.0,8,4.0,4,15,20,8,,,412,8,1981,08,23,412,8,1981,08,23,1977
36221,福島県,飯舘（イイタテ）,,2023,08,30,15,20,9.5,8,20.0,4,10,50,8,,,331.5,8,2019,10,13,322,8,1989,08,06,1976
36231,福島県,原町（ハラマチ）,,2023,08,30,15,20,0.0,8,0.0,4,,,,,,271.0,8,2019,10,13,232,8,1986,08,05,1976
36251,福島県,西会津（ニシアイヅ）,,2023,08,30,15,20,0.0,8,0.0,4,,,,,,223,8,1995,08,03,223,8,1995,08,03,1976
36276,福島県,猪苗代（イナワシロ）,,2023,08,30,15,20,0.0,8,0.0,4,,,,,,182,8,1981,08,23,182,8,1981,08,23,1976
36291,福島県,二本松（ニホンマツ）,,2023,08,30,15,20,0.0,8,0.0,4,,,,,,239,8,1986,08,05,239,8,1986,08,05,1976
36307,福島県,津島（ツシマ）,,2023,08,30,15,20,0.0,8,2.5,4,12,10,8,,,332.0,8,2019,10,13,271,8,1989,08,06,1977
36342,福島県,金山（カネヤマ）,,2023,08,30,15,20,0.0,8,0.0,4,,,,,,215.5,4,2011,07,29,139.5,8,2022,08,04,2007
36361,福島県,若松（ワカマツ）,47570,2023,08,30,15,20,0.0,8,0.0,4,,,,,,162,8,2004,07,14,151,8,1986,08,05,1976
36391,福島県,船引（フネヒキ）,,2023,08,30,15,20,0.5,8,0.5,4,15,20,8,,,214,8,1998,08,30,214,8,1998,08,30,1976
36411,福島県,浪江（ナミエ）,,2023,08,30,15,20,0.0,8,0.0,4,,,,,,314.5,8,2019,10,13,283,8,1986,08,05,1976
36426,福島県,只見（タダミ）,,2023,08,30,15,20,0.0,8,0.0,4,,,,,,527.0,4,2011,07,30,161,8,1998,08,04,1976
36461,福島県,湖南（コナン）,,2023,08,30,15,20,0.0,8,0.0,4,,,,,,226,8,1986,08,05,226,8,1986,08,05,1982
36476,福島県,郡山（コオリヤマ）,,2023,08,30,15,20,0.0,8,0.0,4,,,,,,204,8,1986,08,05,204,8,1986,08,05,1976
36501,福島県,川内（カワウチ）,,2023,08,30,15,20,0.0,8,5.5,4,14,30,8,,,441.0,8,2019,10,13,331,8,1989,08,06,1976
36511,福島県,富岡（トミオカ）,,2023,08,30,15,20,0.0,8,0.0,4,,,,,,286,8,1986,08,05,286,8,1986,08,05,1976
36536,福島県,南郷（ナンゴウ）,,2023,08,30,15,20,1.5,8,6.5,4,12,30,8,,,164.5,8,2019,10,13,129,8,1981,08,23,1976
36562,福島県,湯本（ユモト）,,2023,08,30,15,20,1.5,8,19.5,4,15,00,8,,,293.0,8,2019,10,13,215,8,1998,08,28,1988
36571,福島県,長沼（ナガヌマ）,,2023,08,30,15,20,0.0,8,0.0,4,,,,,,350,8,1998,08,27,350,8,1998,08,27,1978
36581,福島県,玉川（タマカワ）,,2023,08,30,15,20,0.0,8,0.0,4,,,,,,201.0,8,2011,09,21,104.5,8,2016,08,17,2003
36591,福島県,小野新町（オノニイマチ）,,2023,08,30,15,20,0.0,8,0.0,4,,,,,,247.0,8,2019,10,13,229,8,1986,08,05,1976
36597,福島県,川前（カワマエ）,,2023,08,30,15,20,0.0,8,0.0,4,,,,,,241.5,8,2019,10,13,179.5,8,2016,08,17,2014
36611,福島県,広野（ヒロノ）,,2023,08,30,15,20,0.0,8,0.0,4,,,,,,288,8,1986,08,05,288,8,1986,08,05,1976
36641,福島県,田島（タジマ）,,2023,08,30,15,20,0.0,8,0.0,4,,,,,,239.5,8,2019,10,13,210,8,1981,08,23,1976
36667,福島県,白河（シラカワ）,47597,2023,08,30,15,20,0.0,8,0.0,4,,,,,,371.0,8,2019,10,13,313,8,1998,08,27,1976
36676,福島県,石川（イシカワ）,,2023,08,30,15,20,0.0,8,0.0,4,,,,,,233,8,1986,08,05,233,8,1986,08,05,1976
36716,福島県,桧枝岐（ヒノエマタ）,,2023,08,30,15,20,0.0,8,0.0,4,,,,,,257.5,8,2019,10,13,183,8,1982,08,02,1978
36726,福島県,舘岩（タテイワ）,,2023,08,30,15,20,0.0,8,0.5,4,14,30,8,,,279.0,8,2019,10,13,205,8,1981,08,23,1978
36781,福島県,平（タイラ）,,2023,08,30,15,20,0.0,8,0.0,4,,,,,,248,8,1993,11,14,244,8,1986,08,05,1976
36821,福島県,東白川（ヒガシシラカワ）,,2023,08,30,15,20,0.0,8,0.0,4,,,,,,216,8,1986,08,05,216,8,1986,08,05,1976
36836,福島県,山田（ヤマダ）,,2023,08,30,15,20,0.0,8,0.0,4,,,,,,257.0,8,2019,10,13,210.5,8,2009,08,10,2009
36846,福島県,小名浜（オナハマ）,47598,2023,08,30,15,20,0.0,8,0.0,4,,,,,,256,8,1986,08,05,256,8,1986,08,05,1976
40041,茨城県,花園（ハナゾノ）,,2023,08,30,15,20,0.0,8,0.0,4,,,,,,457.0,8,2019,10,13,423,8,1986,08,05,1976
40046,茨城県,北茨城（キタイバラキ）,,2023,08,30,15,20,0.0,8,0.0,4,,,,,,289,8,1986,08,05,289,8,1986,08,05,1976
40061,茨城県,大子（ダイゴ）,,2023,08,30,15,20,0.0,8,0.0,4,,,,,,270.0,8,2019,10,13,260,8,1986,08,05,1976
40066,茨城県,徳田（トクダ）,,2023,08,30,15,20,0.0,8,0.0,4,,,,,,337.0,8,2019,10,13,228,8,1986,08,05,1977
40076,茨城県,大能（オオノウ）,,2023,08,30,15,20,0.0,8,0.0,4,,,,,,403,8,1986,08,05,403,8,1986,08,05,1985
40091,茨城県,常陸大宮（ヒタチオオミヤ）,,2023,08,30,15,20,0.0,8,0.0,4,,,,,,230,8,1986,08,05,230,8,1986,08,05,1978
40126,茨城県,中野（ナカノ）,,2023,08,30,15,20,0.0,8,0.0,4,,,,,,266,8,1986,08,05,266,8,1986,08,05,1977
40136,茨城県,日立（ヒタチ）,,2023,08,30,15,20,0.0,8,0.0,4,,,,,,278,8,1986,08,05,278,8,1986,08,05,1976
40181,茨城県,門井（カドイ）,,2023,08,30,15,20,0.0,8,0.0,4,,,,,,259,8,1986,08,05,259,8,1986,08,05,1982
40191,茨城県,笠間（カサマ）,,2023,08,30,15,20,0.0,8,0.0,4,,,,,,279,8,1986,08,05,279,8,1986,08,05,1976
40201,茨城県,水戸（ミト）,47629,2023,08,30,15,20,0.0,8,0.0,4,,,,,,288,8,1986,08,05,288,8,1986,08,05,1976
40221,茨城県,古河（コガ）,,2023,08,30,15,20,0.0,8,0.0,4,,,,,,247.0,8,2015,09,10,181,8,1986,08,05,1976
40231,茨城県,下館（シモダテ）,,2023,08,30,15,20,0.0,8,0.0,4,,,,,,200.5,8,2008,08,29,200.5,8,2008,08,29,2001
40241,茨城県,柿岡（カキオカ）,,2023,08,30,15,20,0.0,8,0.0,4,,,,,,292,8,1986,08,05,292,8,1986,08,05,1976
40251,茨城県,美野里（ミノリ）,,2023,08,30,15,20,0.0,8,0.0,4,,,,,,291,8,1986,08,05,291,8,1986,08,05,1976
40281,茨城県,下妻（シモツマ）,,2023,08,30,15,20,0.0,8,0.0,4,,,,,,291,8,1986,08,05,291,8,1986,08,05,1976
40311,茨城県,鉾田（ホコタ）,,2023,08,30,15,20,0.0,8,0.0,4,,,,,,317.0,8,2013,10,16,247,8,1986,08,05,1978
40326,茨城県,坂東（バンドウ）,,2023,08,30,15,20,0.0,8,0.0,4,,,,,,235,8,1986,08,05,235,8,1986,08,05,1976
40336,茨城県,つくば（ツクバ）(館野（タテノ）),47646,2023,08,30,15,20,0.0,8,0.0,4,,,,,,254.5,8,2023,06,03,157,8,1993,08,27,1990
40341,茨城県,土浦（ツチウラ）,,2023,08,30,15,20,0.0,8,0.0,4,,,,,,261.5,8,2023,06,03,238,8,1986,08,05,1976
40391,茨城県,江戸崎（エドサキ）,,2023,08,30,15,20,0.0,8,0.0,4,,,,,,287.5,8,2013,10,16,241,8,1986,08,05,1976
40406,茨城県,鹿嶋（カシマ）,,2023,08,30,15,20,0.5,8,0.5,4,15,20,8,,,362.5,8,2013,10,16,222,8,1986,08,05,1976
40426,茨城県,龍ケ崎（リュウガサキ）,,2023,08,30,15,20,0.0,8,0.0,4,,,,,,244.0,8,2013,10,16,215,8,1986,08,05,1976
41011,栃木県,那須高原（ナスコウゲン）,,2023,08,30,15,20,0.5,8,0.5,4,15,20,8,,,640,8,1998,08,27,640,8,1998,08,27,1976
41076,栃木県,五十里（イカリ）,,2023,08,30,15,20,0.5,8,0.5,4,15,20,8,,,551.0,8,2015,09,10,311,8,1981,08,23,1976
41091,栃木県,黒磯（クロイソ）,,2023,08,30,15,20,0.0,8,0.0,4,,,,,,380,8,1998,08,28,380,8,1998,08,28,1976
41116,栃木県,土呂部（ドロブ）,,2023,08,30,15,20,0.0,8,0.0,4,,,,,,444.0,8,2015,09,10,364,8,1981,08,23,1977
41141,栃木県,大田原（オオタワラ）,,2023,08,30,15,20,0.0,8,0.0,4,,,,,,302.5,8,2019,10,13,285,8,1986,08,05,1976
41166,栃木県,奥日光（オクニッコウ）(日光（ニツコウ）),47690,2023,08,30,15,20,0.0,8,0.0,4,,,,,,571,8,1981,08,23,571,8,1981,08,23,1976
41172,栃木県,日光東町（ニッコウヒガシマチ）,,2023,08,30,15,20,0.5,8,0.5,4,15,20,8,,,89.5,8,2023,08,23,89.5,8,2023,08,23,2022
41181,栃木県,塩谷（シオヤ）,,2023,08,30,15,20,0.0,8,0.0,4,,,,,,414.0,8,2019,10,13,265,8,1998,08,28,1978
41211,栃木県,足尾（アシオ）,,2023,08,30,15,20,0.0,8,0.0,4,,,,,,425.0,8,2019,10,12,389,8,1981,08,23,1976
41241,栃木県,高根沢（タカネザワ）,,2023,08,30,15,20,0.0,8,0.0,4,,,,,,330,8,1986,08,05,330,8,1986,08,05,1976
41247,栃木県,那須烏山（ナスカラスヤマ）,,2023,08,30,15,20,0.0,8,0.0,4,,,,,,212.5,8,2019,10,13,106.0,8,2021,08,14,2009
41271,栃木県,鹿沼（カヌマ）,,2023,08,30,15,20,0.0,8,0.0,4,,,,,,444.0,8,2015,09,10,212,8,1986,08,05,1976
41277,栃木県,宇都宮（ウツノミヤ）,47615,2023,08,30,15,20,0.0,8,0.0,4,,,,,,325.5,8,2019,10,13,245,8,1986,08,05,1976
41311,栃木県,葛生（クズウ）,,2023,08,30,15,20,0.0,8,0.0,4,,,,,,410.0,8,2019,10,13,213,8,1991,08,21,1976
41331,栃木県,真岡（モオカ）,,2023,08,30,15,20,0.0,8,0.0,4,,,,,,309,8,1986,08,05,309,8,1986,08,05,1976
41356,栃木県,足利（アシカガ）,,2023,08,30,15,20,0.0,8,0.0,4,,,,,,253.0,8,2019,10,13,226,8,1998,08,30,1976
41361,栃木県,佐野（サノ）,,2023,08,30,15,20,0.0,8,0.0,4,,,,,,261.5,8,2019,10,13,179,8,1986,08,05,1976
41371,栃木県,栃木（トチギ）,,2023,08,30,15,20,0.0,8,0.0,4,,,,,,356.5,8,2015,09,10,192,8,1991,08,21,1976
41376,栃木県,小山（オヤマ）,,2023,08,30,15,20,0.0,8,0.0,4,,,,,,268.5,8,2015,09,10,190,8,1986,08,05,1976
42046,群馬県,藤原（フジワラ）,,2023,08,30,15,20,0.0,8,0.0,4,,,,,,266,8,1983,07,28,136,8,1998,08,27,1977
42091,群馬県,みなかみ（ミナカミ）,,2023,08,30,15,20,0.0,8,0.0,4,,,,,,210,8,1998,08,28,210,8,1998,08,28,1976
42106,群馬県,片品（カタシナ）,,2023,08,30,15,20,0.0,8,0.0,4,,,,,,186,8,1982,08,02,186,8,1982,08,02,1977
42121,群馬県,草津（クサツ）,,2023,08,30,15,20,0.0,8,0.0,4,,,,,,295,4,1981,08,23,295,4,1981,08,23,1976
42146,群馬県,沼田（ヌマタ）,,2023,08,30,15,20,0.0,8,0.0,4,,,,,,167.0,8,2019,10,13,131.5,8,2008,08,30,1976
42186,群馬県,中之条（ナカノジョウ）,,2023,08,30,15,20,0.0,8,0.0,4,,,,,,390,8,1981,08,23,390,8,1981,08,23,1976
42221,群馬県,田代（タシロ）,,2023,08,30,15,20,0.0,8,0.0,4,,,,,,416.0,8,2019,10,12,186,8,1999,08,15,1976
42241,群馬県,榛名山（ハルナサン）,,2023,08,30,15,20,0.0,8,0.0,4,,,,,,489,8,1981,08,23,489,8,1981,08,23,1976
42251,群馬県,前橋（マエバシ）,47624,2023,08,30,15,20,0.0,8,0.0,4,,,,,,234.5,8,2019,10,12,201,8,1999,08,15,1976
42261,群馬県,黒保根（クロホネ）,,2023,08,30,15,20,0.0,8,0.0,4,,,,,,247.0,8,2019,10,12,234,8,1991,08,21,1978
42266,群馬県,桐生（キリュウ）,,2023,08,30,15,20,0.0,8,0.0,4,,,,,,252,8,2002,07,11,189,8,1991,08,21,1976
42286,群馬県,上里見（カミサトミ）,,2023,08,30,15,20,0.0,8,0.0,4,,,,,,330,8,1981,08,23,330,8,1981,08,23,1976
42302,群馬県,伊勢崎（イセサキ）,,2023,08,30,15,20,0.0,8,0.0,4,,,,,,297.5,8,2011,09,01,215,8,1999,08,14,1998
42326,群馬県,西野牧（ニシノマキ）,,2023,08,30,15,20,0.0,8,0.0,4,,,,,,474.5,8,2019,10,12,258,8,1999,08,14,1976
42341,群馬県,藤岡（フジオカ）,,2023,08,30,15,20,0.0,8,0.0,4,,,,,,353.5,8,2019,10,12,268,8,1982,08,02,1976
42366,群馬県,館林（タテバヤシ）,,2023,08,30,15,20,0.0,8,0.0,4,,,,,,237.0,8,2011,07,20,169,8,1986,08,05,1976
42396,群馬県,神流（カンナ）,,2023,08,30,15,20,0.0,8,0.0,4,,,,,,442.5,8,2019,10,12,294,8,1999,08,14,1977
43051,埼玉県,寄居（ヨリイ）,,2023,08,30,15,20,0.0,8,0.0,4,,,,,,475.5,8,2019,10,12,328,8,1982,08,02,1976
43056,埼玉県,熊谷（クマガヤ）,47626,2023,08,30,15,20,0.0,8,0.0,4,,,,,,310,8,1982,09,12,249,8,1991,08,21,1976
43091,埼玉県,上吉田（カミヨシダ）,,2023,08,30,15,20,0.0,8,0.0,4,,,,,,445.5,8,2019,10,12,259,8,1999,08,14,1977
43121,埼玉県,鴻巣（コウノス）,,2023,08,30,15,20,0.0,8,0.0,4,,,,,,213,8,1986,08,05,213,8,1986,08,05,1976
43126,埼玉県,久喜（クキ）,,2023,08,30,15,20,0.0,8,0.0,4,,,,,,227.0,8,2008,08,29,227.0,8,2008,08,29,1976
43151,埼玉県,三峰（ミツミネ）,,2023,08,30,15,20,0.0,8,0.0,4,,,,,,561.5,8,2019,10,12,458,8,1999,08,14,1976
43156,埼玉県,秩父（チチブ）,47641,2023,08,30,15,20,0.0,8,0.0,4,,,,,,519.0,8,2019,10,12,427,8,1999,08,14,1976
43157,埼玉県,浦山（ウラヤマ）,,2023,08,30,15,20,0.0,8,0.0,4,,,,,,647.5,8,2019,10,12,464,8,1981,08,23,1977
43162,埼玉県,ときがわ（トキガワ）,,2023,08,30,15,20,0.0,8,0.0,4,,,,,,587.0,8,2019,10,12,222,8,2001,08,22,2000
43171,埼玉県,鳩山（ハトヤマ）,,2023,08,30,15,20,0.0,8,0.0,4,,,,,,396.5,8,2022,07,13,263,8,1999,08,14,1977
43231,埼玉県,飯能（ハンノウ）,,2023,08,30,15,20,0.0,8,0.0,4,,,,,,392.5,8,2019,10,12,317,8,1999,08,14,1976
43241,埼玉県,さいたま（サイタマ）,,2023,08,30,15,20,0.0,8,0.0,4,,,,,,289.5,8,2019,10,12,232,8,1999,08,14,1976
43256,埼玉県,越谷（コシガヤ）,,2023,08,30,15,20,0.0,8,0.0,4,,,,,,260.5,8,2023,06,03,218,8,1986,08,05,1976
43266,埼玉県,所沢（トコロザワ）,,2023,08,30,15,20,0.0,8,0.0,4,,,,,,347.0,8,2019,10,12,288,8,1999,08,14,1976
44046,東京都,小河内（オゴウチ）,,2023,08,30,15,20,0.0,8,0.0,4,,,,,,580.0,8,2019,10,12,350,8,1982,08,02,1976
44051,東京都,小沢（オザワ）,,2023,08,30,15,20,0.0,8,0.0,4,,,,,,627.0,8,2019,10,12,381,8,1982,08,02,1977
44056,東京都,青梅（オウメ）,,2023,08,30,15,20,0.0,8,0.0,4,,,,,,389.5,8,2019,10,12,298,8,1999,08,14,1976
44071,東京都,練馬（ネリマ）,,2023,08,30,15,20,0.0,8,0.0,4,,,,,,284.5,8,2019,10,12,145.5,8,2016,08,23,2012
44112,東京都,八王子（ハチオウジ）,,2023,08,30,15,20,0.0,8,0.0,4,,,,,,409.0,8,2019,10,12,364,8,1999,08,14,1976
44116,東京都,府中（フチュウ）,,2023,08,30,15,20,0.0,8,0.0,4,,,,,,294.0,8,2019,10,12,261,8,1999,08,14,1976
44126,東京都,世田谷（セタガヤ）,,2023,08,30,15,20,0.0,8,0.0,4,,,,,,279,8,1993,08,27,279,8,1993,08,27,1976
44132,東京都,東京（トウキョウ）,47662,2023,08,30,15,20,0.0,8,0.0,4,,,,,,278,8,1993,08,27,278,8,1993,08,27,1976
44136,東京都,江戸川臨海（エドガワリンカイ）,,2023,08,30,15,20,0.0,8,0.0,4,,,,,,249,8,1996,09,22,228,8,1986,08,05,1976
44166,東京都,羽田（ハネダ）,,2023,08,30,15,20,0.0,8,0.0,4,,,,,,243,8,1996,09,23,195,8,2003,08,15,1976
44172,東京都,大島（オオシマ）,47675,2023,08,30,15,20,0.0,8,0.0,4,,,,,,824.0,8,2013,10,16,317.5,8,2022,08,14,1991
44173,東京都,大島北ノ山（オオシマキタノヤマ）,,2023,08,30,15,20,0.0,8,0.0,4,,,,,,412.0,8,2013,10,16,254,8,2005,08,26,2003
44191,東京都,利島（トシマ）,,2023,08,30,15,20,8.0,8,8.0,4,15,20,8,,,281.5,8,2021,07,01,184.0,8,2022,08,14,2014
44207,東京都,新島（ニイジマ）,,2023,08,30,15,20,0.0,8,0.0,4,,,,,,333.5,8,2021,07,01,252,8,2005,08,26,2003
44216,東京都,神津島（コウヅシマ）,,2023,08,30,15,20,0.0,8,0.0,4,,,,,,356,8,2006,08,09,356,8,2006,08,09,2003
44226,東京都,三宅島（ミヤケジマ）,47677,2023,08,30,15,20,0.0,8,0.0,4,,,,,,428,8,2007,10,27,346,8,2006,08,09,1976
44228,東京都,三宅坪田（ミヤケツボタ）,,2023,08,30,15,20,0.0,8,0.0,4,,,,,,429.5,8,2020,10,10,268.0,8,2009,08,31,2000
44262,東京都,八重見ヶ原（ヤエミガハラ）,,2023,08,30,15,20,0.5,8,0.5,4,15,20,8,,,285,8,2006,07,20,244.0,8,2011,08,01,2003
44263,東京都,八丈島（ハチジョウジマ）,47678,2023,08,30,15,20,0.5,8,0.5,4,15,20,8,,,311,8,2006,07,20,204.5,8,2022,08,29,2003
44281,東京都,青ヶ島（アオガシマ）,,2023,08,30,15,20,2.0,8,2.0,4,15,20,8,,,394.0,8,2022,10,14,99.0,8,2021,08,08,2014
44301,東京都,父島（チチジマ）,47971,2023,08,30,15,20,0.0,8,0.0,4,,,,,,348,8,1997,11,07,206,8,1998,08,27,1986
44316,東京都,母島（ハハジマ）,,2023,08,30,15,20,0.0,8,0.0,4,,,,,,268.5,8,2017,09,01,214.0,8,2015,08,09,2007
45061,千葉県,我孫子（アビコ）,,2023,08,30,15,20,0.0,8,0.0,4,,,,,,252.0,8,2013,10,16,138.5,8,2021,08,15,2010
45081,千葉県,香取（カトリ）,,2023,08,30,15,20,0.0,8,0.0,4,,,,,,351.5,8,2013,10,16,166.0,8,2021,08,15,1999
45086,千葉県,東庄（トウノショウ）,,2023,08,30,15,20,0.0,8,0.0,4,,,,,,277,8,1996,09,23,199,8,1986,08,05,1976
45106,千葉県,船橋（フナバシ）,,2023,08,30,15,20,0.0,8,0.0,4,,,,,,285.0,8,2013,10,16,179,8,2003,08,15,1999
45116,千葉県,佐倉（サクラ）,,2023,08,30,15,20,0.0,8,0.0,4,,,,,,301.5,8,2013,10,16,226,8,1986,08,05,1976
45121,千葉県,成田（ナリタ）,,2023,08,30,15,20,0.0,8,0.0,4,,,,,,327.0,8,2013,10,16,144.0,8,2021,08,08,1976
45147,千葉県,銚子（チョウシ）,47648,2023,08,30,15,20,0.0,8,0.0,4,,,,,,289,8,1995,09,17,195,8,1986,08,05,1976
45181,千葉県,横芝光（ヨコシバヒカリ）,,2023,08,30,15,20,0.0,8,0.0,4,,,,,,267.0,8,2013,10,16,225,8,1986,08,05,1976
45212,千葉県,千葉（チバ）,47682,2023,08,30,15,20,0.0,8,0.0,4,,,,,,309.0,8,2013,10,16,202,8,1986,08,05,1976
45261,千葉県,茂原（モバラ）,,2023,08,30,15,20,0.0,8,0.0,4,,,,,,272.0,8,2013,10,16,249,8,1986,08,05,1976
45282,千葉県,木更津（キサラヅ）,,2023,08,30,15,20,0.0,8,0.0,4,,,,,,323.5,8,2013,10,16,133.0,8,2021,08,08,2006
45291,千葉県,牛久（ウシク）,,2023,08,30,15,20,0.0,8,0.0,4,,,,,,321,8,1996,09,22,250,8,1989,08,01,1978
45326,千葉県,坂畑（サカハタ）,,2023,08,30,15,20,0.0,8,0.0,4,,,,,,374,8,1989,08,01,374,8,1989,08,01,1978
45331,千葉県,大多喜（オオタキ）,,2023,08,30,15,20,0.0,8,0.0,4,,,,,,365,8,1996,09,22,308,8,2005,08,26,1976
45346,千葉県,鋸南（キョナン）,,2023,08,30,15,20,0.0,8,0.0,4,,,,,,431,8,1989,08,01,431,8,1989,08,01,1976
45361,千葉県,鴨川（カモガワ）,,2023,08,30,15,20,0.0,8,0.0,4,,,,,,355,8,2004,10,09,249,8,1989,08,01,1976
45371,千葉県,勝浦（カツウラ）,47674,2023,08,30,15,20,0.0,8,0.0,4,,,,,,338,8,2007,07,15,263.5,8,2021,08,08,1976
45401,千葉県,館山（タテヤマ）,47672,2023,08,30,15,20,0.0,8,0.0,4,,,,,,321.5,8,2013,10,16,207,8,1986,08,05,1976
46001,神奈川県,相模湖（サガミコ）,,2023,08,30,15,20,0.0,8,0.0,4,,,,,,604.5,8,2019,10,12,344,8,1999,08,14,1976
46046,神奈川県,相模原中央（サガミハラチュウオウ）,,2023,08,30,15,20,0.0,8,0.0,4,,,,,,371.0,8,2019,10,12,322,8,1999,08,14,1976
46061,神奈川県,日吉（ヒヨシ）,,2023,08,30,15,20,0.0,8,0.0,4,,,,,,303.5,8,2014,10,06,257,8,1989,08,01,1976
46076,神奈川県,丹沢湖（タンザワコ）,,2023,08,30,15,20,0.0,8,0.0,4,,,,,,527.0,8,2019,10,12,383,8,1998,08,30,1976
46091,神奈川県,海老名（エビナ）,,2023,08,30,15,20,0.0,8,0.0,4,,,,,,333.0,8,2014,10,06,201,8,1986,08,05,1976
46106,神奈川県,横浜（ヨコハマ）,47670,2023,08,30,15,20,0.0,8,0.0,4,,,,,,310.0,8,2014,10,06,263,8,1994,08,21,1976
46136,神奈川県,平塚（ヒラツカ）,,2023,08,30,15,20,0.0,8,0.0,4,,,,,,317.5,8,2014,10,06,189,8,2003,08,15,1976
46141,神奈川県,辻堂（ツジドウ）,,2023,08,30,15,20,0.0,8,0.0,4,,,,,,240,8,2004,10,09,237,8,2003,08,15,1992
46161,神奈川県,箱根（ハコネ）,,2023,08,30,15,20,0.0,8,0.0,4,,,,,,942.5,8,2019,10,12,565,8,2005,08,26,1976
46166,神奈川県,小田原（オダワラ）,,2023,08,30,15,20,0.0,8,0.0,4,,,,,,292,8,1998,08,28,292,8,1998,08,28,1976
46211,神奈川県,三浦（ミウラ）,,2023,08,30,15,20,0.0,8,0.0,4,,,,,,262,8,1981,10,23,231,8,2003,08,15,1976
48031,長野県,野沢温泉（ノザワオンセン）,,2023,08,30,15,20,0.0,8,0.0,4,,,,,,197.5,8,2019,10,13,162,8,2005,08,16,1976
48061,長野県,信濃町（シナノマチ）,,2023,08,30,15,20,0.0,8,0.0,4,,,,,,183,8,1995,07,12,103.0,8,2021,08,13,1976
48066,長野県,飯山（イイヤマ）,,2023,08,30,15,20,0.0,8,0.0,4,,,,,,162,8,1986,09,03,157,8,2005,08,16,1976
48097,長野県,小谷（オタリ）,,2023,08,30,15,20,0.0,8,0.0,4,,,,,,357,8,1995,07,12,119.5,8,2013,08,24,1983
48141,長野県,白馬（ハクバ）,,2023,08,30,15,20,0.0,8,0.0,4,,,,,,298,8,1995,07,12,166,8,1979,08,22,1976
48146,長野県,鬼無里（キナサ）,,2023,08,30,15,20,0.0,8,0.0,4,,,,,,201,8,1995,07,12,132.5,8,2017,08,12,1977
48156,長野県,長野（ナガノ）,47610,2023,08,30,15,20,0.0,8,0.0,4,,,,,,134.5,8,2019,10,13,117,8,1981,08,23,1976
48172,長野県,笠岳（カサダケ）,,2023,08,30,15,20,0.0,8,0.0,4,,,,,,301.5,8,2019,10,13,243,8,1982,08,02,1979
48191,長野県,大町（オオマチ）,,2023,08,30,15,20,0.0,8,0.0,4,,,,,,163,8,2004,10,21,115.0,8,2021,08,15,1976
48196,長野県,信州新町（シンシュウシンマチ）,,2023,08,30,15,20,0.0,8,0.0,4,,,,,,164.0,8,2019,10,12,120,8,1981,08,23,1976
48216,長野県,菅平（スガダイラ）,,2023,08,30,15,20,0.0,8,0.0,4,,,,,,274.5,8,2019,10,13,168,8,1981,08,23,1976
48247,長野県,聖高原（ヒジリコウゲン）,,2023,08,30,15,20,0.0,8,0.0,4,,,,,,242.0,8,2019,10,13,135,8,1981,08,23,1979
48256,長野県,上田（ウエダ）,,2023,08,30,15,20,0.0,8,0.0,4,,,,,,154,8,1983,09,28,120,8,1981,08,23,1976
48296,長野県,穂高（ホタカ）,,2023,08,30,15,20,0.0,8,0.0,4,,,,,,153,8,2004,10,21,108.0,8,2021,08,15,1976
48321,長野県,東御（トウミ）,,2023,08,30,15,20,0.0,8,0.0,4,,,,,,149.5,8,2019,10,12,133.5,8,2021,08,15,1976
48331,長野県,軽井沢（カルイザワ）,47622,2023,08,30,15,20,0.0,8,0.0,4,,,,,,330,8,2007,09,07,198,8,1981,08,23,1976
48346,長野県,上高地（カミコウチ）,,2023,08,30,15,20,0.0,8,0.0,4,,,,,,242,8,1979,08,22,242,8,1979,08,22,1976
48361,長野県,松本（マツモト）,47618,2023,08,30,15,20,0.0,8,0.0,4,,,,,,173,8,2006,07,19,168.5,8,2021,08,15,1976
48363,長野県,松本今井（マツモトイマイ）,,2023,08,30,15,20,0.0,8,0.5,4,07,30,8,,,186.5,8,2021,08,15,186.5,8,2021,08,15,2003
48371,長野県,鹿教湯（カケユ）,,2023,08,30,15,20,0.0,8,0.0,4,,,,,,322.0,8,2019,10,12,186,8,1981,08,23,1976
48381,長野県,立科（タテシナ）,,2023,08,30,15,20,0.0,8,0.0,4,,,,,,265.5,8,2019,10,12,169.0,8,2021,08,15,1978
48386,長野県,佐久（サク）,,2023,08,30,15,20,0.0,8,0.0,4,,,,,,305.0,8,2019,10,12,206,8,1999,08,15,1976
48436,長野県,白樺湖（シラカバコ）,,2023,08,30,15,20,0.0,8,0.0,4,,,,,,230.5,8,2019,10,13,212.5,8,2021,08,15,2004
48466,長野県,奈川（ナガワ）,,2023,08,30,15,20,0.0,8,0.0,4,,,,,,223.0,8,2021,08,15,223.0,8,2021,08,15,1978
48491,長野県,諏訪（スワ）,47620,2023,08,30,15,20,0.0,8,0.0,4,,,,,,223,4,2006,07,19,202.0,8,2021,08,15,1976
48516,長野県,北相木（キタアイキ）,,2023,08,30,15,20,0.0,8,0.0,4,,,,,,399.0,8,2019,10,12,142.0,8,2016,08,30,2004
48531,長野県,開田高原（カイダコウゲン）,,2023,08,30,15,20,0.0,8,0.0,4,,,,,,257,8,1983,09,28,252.0,8,2021,08,15,1978
48536,長野県,木祖薮原（キソヤブハラ）,,2023,08,30,15,20,0.0,8,0.0,4,,,,,,207.5,8,2021,08,15,207.5,8,2021,08,15,2019
48546,長野県,辰野（タツノ）,,2023,08,30,15,20,0.0,8,0.0,4,,,,,,257.0,8,2021,08,15,257.0,8,2021,08,15,1978
48556,長野県,高遠（タカトオ）,,2023,08,30,15,20,0.0,8,0.0,4,,,,,,202.0,8,2019,10,12,173.0,8,2021,08,15,2004
48561,長野県,原村（ハラムラ）,,2023,08,30,15,20,0.0,8,0.0,4,,,,,,198,8,1983,09,28,129,8,1982,08,02,1976
48571,長野県,野辺山（ノベヤマ）,,2023,08,30,15,20,0.0,8,0.0,4,,,,,,249,8,2002,07,11,153,8,1987,08,20,1976
48601,長野県,御嶽山（オンタケサン）,,2023,08,30,15,20,0.0,8,0.0,4,,,,,,362.5,8,2021,08,15,362.5,8,2021,08,15,1976
48606,長野県,木曽福島（キソフクシマ）,,2023,08,30,15,20,0.0,8,0.0,4,,,,,,203,8,2000,09,12,197.5,8,2021,08,15,1976
48621,長野県,伊那（イナ）,,2023,08,30,15,20,0.0,8,0.0,4,,,,,,232,8,2006,07,19,190.5,8,2021,08,15,1993
48681,長野県,宮田高原（ミヤダコウゲン）,,2023,08,30,15,20,0.0,8,0.0,4,,,,,,267,4,2006,07,19,251.5,8,2021,08,15,1976
48691,長野県,杉島（スギシマ）,,2023,08,30,15,20,0.0,8,0.0,4,,,,,,252,8,1983,09,28,126,8,1999,08,14,1983
48716,長野県,須原（スハラ）,,2023,08,30,15,20,0.0,8,0.0,4,,,,,,247,8,1983,09,28,222.5,8,2021,08,15,1976
48717,長野県,南木曽（ナギソ）,,2023,08,30,15,20,0.0,8,0.0,4,,,,,,247,8,1983,09,28,191.0,8,2021,08,15,1976
48731,長野県,飯島（イイジマ）,,2023,08,30,15,20,0.0,8,0.0,4,,,,,,334,8,1983,09,28,167.5,8,2021,08,14,1976
48737,長野県,大鹿（オオシカ）,,2023,08,30,15,20,0.0,8,0.0,4,,,,,,218.5,8,2020,07,01,165.5,8,2021,08,14,1983
48767,長野県,飯田（イイダ）,47637,2023,08,30,15,20,0.0,8,0.0,4,,,,,,209,8,1983,09,28,162.5,8,2021,08,14,1976
48826,長野県,浪合（ナミアイ）,,2023,08,30,15,20,0.0,8,0.0,4,,,,,,357,8,2000,09,12,252,8,2003,08,09,1978
48836,長野県,阿南（アナン）,,2023,08,30,15,20,0.0,8,0.0,4,,,,,,275,8,1991,09,19,182,8,1982,08,03,1978
48841,長野県,南信濃（ミナミシナノ）,,2023,08,30,15,20,0.0,8,0.0,4,,,,,,273.5,8,2023,06,03,207,8,1982,08,03,1978
49036,山梨県,大泉（オオイズミ）,,2023,08,30,15,20,0.0,8,0.0,4,,,,,,183,8,2003,08,09,183,8,2003,08,09,1976
49052,山梨県,乙女湖（オトメコ）,,2023,08,30,15,20,0.0,8,0.0,4,,,,,,197.0,8,2011,09,21,97.0,8,2016,08,18,2008
49086,山梨県,韮崎（ニラサキ）,,2023,08,30,15,20,0.0,4,0.0,4,,,,,,344,8,2002,07,10,237,8,1983,08,17,1976
49142,山梨県,甲府（コウフ）,47638,2023,08,30,15,20,0.0,4,0.0,4,,,,,,295,8,2000,09,12,191,8,2001,08,22,1976
49151,山梨県,勝沼（カツヌマ）,,2023,08,30,15,20,0.0,8,0.0,4,,,,,,234.5,8,2019,10,12,208,8,1983,08,16,1976
49161,山梨県,大月（オオツキ）,,2023,08,30,15,20,0.0,8,0.0,4,,,,,,429.5,8,2019,10,12,402,8,1991,08,21,1976
49172,山梨県,上野原（ウエノハラ）,,2023,08,30,15,20,0.0,8,0.0,4,,,,,,483.5,8,2019,10,12,142.0,8,2023,08,15,2015
49187,山梨県,富士川（フジカワ）,,2023,08,30,15,20,0.0,8,0.0,4,,,,,,259.5,8,2019,10,12,111.0,8,2014,08,10,2013
49196,山梨県,古関（フルセキ）,,2023,08,30,15,20,0.0,8,0.0,4,,,,,,376.0,8,2011,09,21,359,8,1982,08,02,1976
49236,山梨県,切石（キリイシ）,,2023,08,30,15,20,0.0,8,0.0,4,,,,,,417.0,8,2019,10,12,263,8,2001,08,22,1977
49251,山梨県,河口湖（カワグチコ）,47640,2023,08,30,15,20,0.0,8,0.0,4,,,,,,513,8,1983,08,16,513,8,1983,08,16,1976
49256,山梨県,山中（ヤマナカ）,,2023,08,30,15,20,0.0,8,0.0,4,,,,,,587,8,1983,08,16,587,8,1983,08,16,1976
49316,山梨県,南部（ナンブ）,,2023,08,30,15,20,0.0,8,0.0,4,,,,,,546.5,8,2019,10,12,408,8,2001,08,22,1976
50056,静岡県,白糸（シライト）,,2023,08,30,15,20,1.0,8,2.5,4,03,40,8,,,369,8,1998,08,28,369,8,1998,08,28,1976
50106,静岡県,井川（イカワ）,,2023,08,30,15,20,0.0,8,0.0,4,,,,,,537.0,8,2011,07,20,417,8,1982,08,02,1978
50112,静岡県,有東木（ウトウギ）,,2023,08,30,15,20,0.0,8,0.0,4,,,,,,398.5,8,2023,06,03,277.0,8,2021,08,18,2020
50136,静岡県,御殿場（ゴテンバ）,,2023,08,30,15,20,0.0,8,0.0,4,,,,,,547.5,8,2019,10,12,348,8,1982,08,02,1976
50196,静岡県,富士（フジ）,,2023,08,30,15,20,0.0,8,0.0,4,,,,,,354.5,8,2014,10,06,267.0,8,2023,08,16,1976
50206,静岡県,三島（ミシマ）,47657,2023,08,30,15,20,0.0,8,0.0,4,,,,,,369.5,8,2019,10,12,257,8,1981,08,23,1976
50211,静岡県,熱海伊豆山（アタミイズサン）,,2023,08,30,15,20,0.0,8,0.0,4,,,,,,197.5,8,2023,06,03,169.0,8,2021,08,15,2021
50226,静岡県,佐久間（サクマ）,,2023,08,30,15,20,0.0,8,0.0,4,,,,,,396.5,8,2023,06,02,348,8,1982,08,03,1976
50232,静岡県,春野（ハルノ）,,2023,08,30,15,20,0.0,8,0.0,4,,,,,,500.5,8,2023,06,02,214.5,8,2021,08,18,2016
50241,静岡県,川根本町（カワネホンチョウ）,,2023,08,30,15,20,0.0,8,0.0,4,,,,,,420.0,8,2023,06,03,382,8,1982,08,02,1976
50247,静岡県,鍵穴（カギアナ）,,2023,08,30,15,20,0.0,8,0.0,4,,,,,,430.0,8,2023,06,03,371,8,2001,08,22,1991
50261,静岡県,清水（シミズ）,,2023,08,30,15,20,0.0,8,0.0,4,,,,,,398.5,8,2014,10,06,269,8,1990,08,10,1978
50281,静岡県,網代（アジロ）,47668,2023,08,30,15,20,0.0,8,0.0,4,,,,,,292,8,2003,08,15,292,8,2003,08,15,1976
50296,静岡県,熊（クマ）,,2023,08,30,15,20,0.0,8,0.0,4,,,,,,497.5,8,2023,06,02,425,8,1982,08,03,1976
50317,静岡県,高根山（タカネサン）,,2023,08,30,15,20,0.0,8,0.0,4,,,,,,478.5,8,2023,06,02,209.5,8,2021,08,18,2009
50331,静岡県,静岡（シズオカ）,47656,2023,08,30,15,20,0.0,8,0.0,4,,,,,,416.5,8,2022,09,24,239,8,1987,08,06,1976
50371,静岡県,三ヶ日（ミッカビ）,,2023,08,30,15,20,0.0,8,0.0,4,,,,,,386.5,8,2023,06,02,287,8,1983,08,17,1976
50386,静岡県,天竜（テンリュウ）,,2023,08,30,15,20,0.0,8,0.0,4,,,,,,428.5,8,2023,06,02,246,8,1983,08,17,1976
50391,静岡県,三倉（ミクラ）,,2023,08,30,15,20,0.0,8,0.0,4,,,,,,452.5,8,2023,06,02,321,8,1983,08,17,1982
50416,静岡県,土肥（トイ）,,2023,08,30,15,20,0.0,8,0.0,4,,,,,,354,8,2007,09,06,284,8,2003,08,15,1990
50426,静岡県,湯ケ島（ユガシマ）,,2023,08,30,15,20,0.0,8,0.0,4,,,,,,717.5,8,2019,10,12,435,8,1982,08,02,1976
50427,静岡県,天城山（アマギサン）,,2023,08,30,15,20,0.0,8,0.0,4,,,,,,649.0,8,2012,05,03,627,8,1983,08,17,1976
50456,静岡県,浜松（ハママツ）,47654,2023,08,30,15,20,0.0,8,0.0,4,,,,,,328.5,8,2023,06,03,242,8,1983,08,17,1976
50466,静岡県,掛川（カケガワ）,,2023,08,30,15,20,0.0,8,0.0,4,,,,,,317,8,1983,08,17,317,8,1983,08,17,1976
50476,静岡県,菊川牧之原（キクガワマキノハラ）,,2023,08,30,15,20,0.0,8,0.0,4,,,,,,471,8,1982,09,12,283,8,2001,08,22,1978
50477,静岡県,静岡空港（シズオカクウコウ）,,2023,08,30,15,20,0.0,8,0.0,4,,,,,,380.5,8,2019,10,12,122.0,8,2012,08,15,2009
50491,静岡県,松崎（マツザキ）,,2023,08,30,15,20,0.0,8,0.0,4,,,,,,299,8,1983,08,17,299,8,1983,08,17,1976
50506,静岡県,稲取（イナトリ）,,2023,08,30,15,20,0.0,8,0.0,4,,,,,,470,8,1976,07,12,277,8,2006,08,09,1976
50536,静岡県,磐田（イワタ）,,2023,08,30,15,20,0.0,8,0.0,4,,,,,,275,8,1982,09,12,255,8,1983,08,17,1978
50551,静岡県,御前崎（オマエザキ）,47655,2023,08,30,15,20,0.0,8,0.0,4,,,,,,391,8,2004,10,09,250,8,2003,08,15,1976
50561,静岡県,石廊崎（イロウザキ）,47666,2023,08,30,15,20,0.0,8,0.0,4,,,,,,311,8,2006,08,09,311,8,2006,08,09,1976
51011,愛知県,一宮（イチノミヤ）,,2023,08,30,15,20,0.0,8,0.0,4,,,,,,328,8,1976,09,09,238.5,8,2008,08,29,1976
51031,愛知県,愛西（アイサイ）,,2023,08,30,15,20,4.0,8,4.0,4,15,20,8,,,312,8,2000,09,12,211,8,2001,08,22,1979
51056,愛知県,小原（オバラ）,,2023,08,30,15,20,0.0,8,0.0,4,,,,,,242,8,1983,09,28,126,8,2001,08,22,1977
51071,愛知県,稲武（イナブ）,,2023,08,30,15,20,0.0,8,0.0,4,,,,,,438,8,2000,09,12,273,8,2003,08,09,1976
51077,愛知県,茶臼山（チャウスヤマ）,,2023,08,30,15,20,0.0,8,0.0,4,,,,,,354.0,8,2018,09,05,228.0,8,2014,08,11,2006
51096,愛知県,蟹江（カニエ）,,2023,08,30,15,20,1.5,8,1.5,4,15,20,8,,,340,8,2000,09,12,220,8,2001,08,22,1976
51106,愛知県,名古屋（ナゴヤ）,47636,2023,08,30,15,20,0.0,8,0.0,4,,,,,,535,8,2000,09,12,200,8,2001,08,22,1976
51116,愛知県,豊田（トヨタ）,,2023,08,30,15,20,0.0,8,0.0,4,,,,,,388,8,2000,09,12,128,8,2001,08,22,1976
51192,愛知県,阿蔵（アゾウ）,,2023,08,30,15,20,0.0,8,0.0,4,,,,,,365.5,8,2011,07,20,224.0,8,2019,08,16,2006
51216,愛知県,大府（オオブ）,,2023,08,30,15,20,0.0,8,0.0,4,,,,,,200.0,8,2017,10,23,160.0,8,2013,08,06,2012
51226,愛知県,岡崎（オカザキ）,,2023,08,30,15,20,0.0,8,0.0,4,,,,,,302.5,8,2008,08,29,302.5,8,2008,08,29,1976
51241,愛知県,作手（ツクデ）,,2023,08,30,15,20,0.5,8,0.5,4,15,20,8,,,405,8,2000,09,12,311,8,2001,08,22,1976
51247,愛知県,新城（シンシロ）,,2023,08,30,15,20,0.0,8,0.0,4,,,,,,421.0,8,2023,06,02,194.5,8,2021,08,18,2002
51261,愛知県,セントレア（セントレア）,,2023,08,30,15,20,0.0,8,0.0,4,,,,,,290.0,8,2017,10,23,116.5,8,2014,08,10,2005
51271,愛知県,一色（イッシキ）,,2023,08,30,15,20,1.0,8,1.0,4,15,20,8,,,274.5,8,2017,10,23,225,8,2001,08,22,1976
51281,愛知県,蒲郡（ガマゴオリ）,,2023,08,30,15,20,0.0,8,0.0,4,,,,,,343.5,8,2023,06,03,241,8,1983,08,17,1979
51311,愛知県,南知多（ミナミチタ）,,2023,08,30,15,20,5.0,8,5.0,4,15,20,8,,,375,8,1976,09,13,211,8,2001,08,22,1976
51331,愛知県,豊橋（トヨハシ）,,2023,08,30,15,20,5.5,8,5.5,4,15,20,8,,,419.0,8,2023,06,03,233.5,8,2008,08,29,2005
51346,愛知県,伊良湖（イラコ）,47653,2023,08,30,15,20,7.5,8,7.5,4,15,20,8,,,451.5,8,2023,06,03,316,8,1982,08,03,1976
51356,愛知県,田原（タハラ）,,2023,08,30,15,20,5.0,8,5.0,4,15,20,8,,,405.5,8,2023,06,03,251,8,1983,08,17,1976
52041,岐阜県,河合（カワイ）,,2023,08,30,15,20,0.0,8,0.0,4,,,,,,297,8,1999,09,15,173,8,1998,08,13,1978
52051,岐阜県,神岡（カミオカ）,,2023,08,30,15,20,0.0,8,0.0,4,,,,,,227,8,1999,09,15,124.5,8,2021,08,15,1978
52081,岐阜県,白川（シラカワ）,,2023,08,30,15,20,0.0,8,0.0,4,,,,,,237,8,2004,10,21,183,8,1998,08,13,1978
52111,岐阜県,栃尾（トチオ）,,2023,08,30,15,20,0.0,8,0.0,4,,,,,,216,4,1979,08,22,216,4,1979,08,22,1976
52131,岐阜県,御母衣（ミボロ）,,2023,08,30,15,20,0.5,8,0.5,4,15,20,8,,,393,8,1999,09,15,207.5,8,2021,08,14,1982
52137,岐阜県,清見（キヨミ）,,2023,08,30,15,20,0.5,8,0.5,4,15,20,8,,,317,4,1999,09,15,146.0,8,2021,08,14,1990
52146,岐阜県,高山（タカヤマ）,47617,2023,08,30,15,20,0.0,8,0.0,4,,,,,,256,8,2004,10,21,247.5,8,2014,08,18,1976
52152,岐阜県,丹生川（ニュウカワ）,,2023,08,30,15,20,0.0,8,0.0,4,,,,,,198.5,8,2020,07,08,134.5,8,2021,08,15,1990
52173,岐阜県,ひるがの（ヒルガノ）,,2023,08,30,15,20,1.0,8,1.0,4,15,20,8,,,506,8,1999,09,15,270,8,1992,08,13,1990
52181,岐阜県,六厩（ムマヤ）,,2023,08,30,15,20,0.5,8,0.5,4,15,20,8,,,300,4,1999,09,15,187,8,2004,08,31,1978
52192,岐阜県,船山（フナヤマ）,,2023,08,30,15,20,0.0,8,0.0,4,,,,,,275.0,8,2020,07,08,233.0,8,2021,08,15,2002
52196,岐阜県,宮之前（ミヤノマエ）,,2023,08,30,15,20,0.0,8,0.0,4,,,,,,309.0,8,2020,07,08,247.5,8,2021,08,15,1978
52221,岐阜県,長滝（ナガタキ）,,2023,08,30,15,20,0.0,8,0.0,4,,,,,,444,8,1999,09,15,231,8,2004,08,31,1978
52286,岐阜県,萩原（ハギワラ）,,2023,08,30,15,20,1.0,8,1.0,4,15,20,8,,,414.0,8,2020,07,08,294.5,8,2021,08,15,1976
52321,岐阜県,関市板取（セキシイタドリ）,,2023,08,30,15,20,2.0,8,2.0,4,15,20,8,,,331.5,8,2023,08,16,331.5,8,2023,08,16,2006
52331,岐阜県,八幡（ハチマン）,,2023,08,30,15,20,3.0,8,3.0,4,15,20,8,,,445,8,1976,09,12,293,8,1987,08,09,1976
52346,岐阜県,宮地（ミヤジ）,,2023,08,30,15,20,0.0,8,0.0,4,,,,,,293.5,8,2011,09,20,228.0,8,2021,08,15,1976
52381,岐阜県,樽見（タルミ）,,2023,08,30,15,20,4.0,8,4.0,4,15,20,8,,,506,8,2002,07,10,424,8,1986,08,22,1976
52406,岐阜県,金山（カナヤマ）,,2023,08,30,15,20,1.5,8,1.5,4,15,20,8,,,274.0,8,2018,07,08,170.5,8,2021,08,13,1976
52421,岐阜県,付知（ツケチ）,,2023,08,30,15,20,0.0,8,0.0,4,,,,,,290.0,8,2021,08,15,290.0,8,2021,08,15,1982
52461,岐阜県,美濃（ミノ）,,2023,08,30,15,20,0.0,8,0.0,4,,,,,,387,8,1976,09,12,252.0,8,2023,08,16,1976
52476,岐阜県,伽藍（ガラン）,,2023,08,30,15,20,0.0,8,0.0,4,,,,,,338.5,8,2011,09,20,222.0,8,2021,08,15,1976
52482,岐阜県,黒川（クロカワ）,,2023,08,30,15,20,0.0,8,0.0,4,,,,,,265.0,8,2011,09,20,244.5,8,2021,08,15,1998
52511,岐阜県,揖斐川（イビガワ）,,2023,08,30,15,20,1.0,8,1.0,4,15,20,8,,,383,8,2002,07,10,226.5,8,2021,08,14,1978
52536,岐阜県,美濃加茂（ミノカモ）,,2023,08,30,15,20,0.5,8,0.5,4,15,20,8,,,309,8,1992,08,12,309,8,1992,08,12,1976
52556,岐阜県,恵那（エナ）,,2023,08,30,15,20,0.0,8,0.0,4,,,,,,282,8,2000,09,12,227.5,8,2021,08,14,1976
52557,岐阜県,中津川（ナカツガワ）,,2023,08,30,15,20,0.0,8,0.0,4,,,,,,229.0,8,2021,08,14,229.0,8,2021,08,14,2010
52571,岐阜県,関ケ原（セキガハラ）,,2023,08,30,15,20,0.0,8,0.0,4,,,,,,336.0,8,2017,10,23,283.5,8,2017,08,08,1976
52581,岐阜県,大垣（オオガキ）,,2023,08,30,15,20,1.5,8,1.5,4,15,20,8,,,362,4,1976,09,12,207.0,8,2021,08,14,1976
52586,岐阜県,岐阜（ギフ）,47632,2023,08,30,15,20,1.0,8,1.0,4,15,20,8,,,346,8,1976,09,09,230,8,1977,08,18,1976
52606,岐阜県,多治見（タジミ）,,2023,08,30,15,20,0.0,8,0.0,4,,,,,,432.0,8,2011,09,20,174.0,8,2021,08,14,1976
52642,岐阜県,上石津（カミイシヅ）,,2023,08,30,15,20,5.0,8,5.0,4,15,20,8,,,288.0,8,2017,10,23,225.5,8,2023,08,16,2016
53016,三重県,北勢（ホクセイ）,,2023,08,30,15,20,2.5,8,2.5,4,15,20,8,,,318.5,8,2011,09,05,279,8,2001,08,22,1976
53041,三重県,桑名（クワナ）,,2023,08,30,15,20,0.0,8,0.0,4,,,,,,402,8,2000,09,12,192,8,2001,08,22,1976
53061,三重県,四日市（ヨッカイチ）,47684,2023,08,30,15,20,5.5,8,5.5,4,15,20,8,,,319,8,2000,09,12,273.5,8,2014,08,10,1976
53091,三重県,亀山（カメヤマ）,,2023,08,30,15,20,1.5,8,1.5,4,15,20,8,,,347.0,8,2014,08,10,347.0,8,2014,08,10,1976
53112,三重県,上野（ウエノ）,47649,2023,08,30,15,20,0.0,8,0.0,4,,,,,,244.5,8,2013,09,16,222,8,1982,08,01,1976
53121,三重県,笠取山（カサトリヤマ）,,2023,08,30,15,20,7.5,8,7.5,4,15,20,8,,,421.0,8,2013,09,16,410.5,8,2014,08,10,1976
53133,三重県,津（ツ）,47651,2023,08,30,15,20,1.0,8,1.0,4,15,20,8,,,439,8,2004,09,29,287.5,8,2014,08,10,1976
53141,三重県,名張（ナバリ）,,2023,08,30,15,20,0.0,8,0.0,4,,,,,,315.0,8,2017,10,23,295,8,1982,08,01,1976
53151,三重県,白山（ハクサン）,,2023,08,30,15,20,0.0,8,0.0,4,,,,,,449.5,8,2014,08,10,449.5,8,2014,08,10,1979
53196,三重県,小俣（オバタ）,,2023,08,30,15,20,1.5,8,1.5,4,15,20,8,,,492.5,8,2017,10,23,211,8,1989,08,27,1976
53231,三重県,粥見（カユミ）,,2023,08,30,15,20,8.5,8,8.5,4,15,20,8,,,550,8,2004,09,29,396,8,1982,08,01,1976
53257,三重県,鳥羽（トバ）,,2023,08,30,15,20,7.0,8,7.0,4,15,20,8,,,490.5,8,2023,06,03,463,8,1982,08,03,1977
53287,三重県,藤坂峠（フジサカトウゲ）,,2023,08,30,15,20,20.0,8,20.0,4,15,20,8,,,392.5,8,2023,06,03,328,8,2001,08,22,1976
53296,三重県,南伊勢（ミナミイセ）,,2023,08,30,15,20,7.0,8,7.0,4,15,20,8,,,448,8,1982,08,03,448,8,1982,08,03,1978
53307,三重県,阿児（アゴ）,,2023,08,30,15,20,7.5,8,7.5,4,15,20,8,,,409.0,8,2019,10,12,178,8,1991,08,06,1982
53321,三重県,宮川（ミヤガワ）,,2023,08,30,15,20,15.5,8,15.5,4,15,20,8,,,872.5,8,2011,09,04,677.5,8,2015,08,25,1978
53326,三重県,紀伊長島（キイナガシマ）,,2023,08,30,15,20,1.0,8,1.0,4,15,20,8,,,520.5,8,2011,09,04,334.0,8,2023,08,16,1979
53378,三重県,尾鷲（オワセ）,47663,2023,08,30,15,20,16.5,8,16.5,4,15,20,8,,,800,8,2004,09,29,663,8,1977,08,26,1976
53401,三重県,熊野新鹿（クマノアタシカ）,,2023,08,30,15,20,16.0,8,16.0,4,15,20,8,,,552.0,8,2011,09,04,282.0,8,2023,08,15,2001
53416,三重県,御浜（ミハマ）,,2023,08,30,15,20,8.5,8,8.5,4,15,20,8,,,801.0,8,2011,09,04,594,8,2001,08,22,1985
54012,新潟県,粟島（アワシマ）,,2023,08,30,15,20,0.0,8,0.0,4,,,,,,201.5,8,2020,07,28,189.5,8,2022,08,04,1976
54041,新潟県,弾崎（ハジキザキ）,,2023,08,30,15,20,0.0,8,0.0,4,,,,,,242.0,8,2014,07,10,187,8,2004,08,18,1978
54056,新潟県,高根（タカネ）,,2023,08,30,15,20,0.0,8,0.0,4,,,,,,410.0,8,2022,08,04,410.0,8,2022,08,04,1978
54086,新潟県,村上（ムラカミ）,,2023,08,30,15,20,0.0,8,0.0,4,,,,,,178,8,2004,08,18,178,8,2004,08,18,1976
54097,新潟県,三面（ミオモテ）,,2023,08,30,15,20,0.0,8,0.0,4,,,,,,244.0,8,2022,08,04,244.0,8,2022,08,04,1981
54157,新潟県,相川（アイカワ）,47602,2023,08,30,15,20,0.0,8,0.0,4,,,,,,242,8,2002,07,15,203,8,2004,08,18,1976
54166,新潟県,両津（リョウツ）,,2023,08,30,15,20,0.0,8,0.0,4,,,,,,259,8,1978,06,26,197,8,1998,08,04,1976
54181,新潟県,中条（ナカジョウ）,,2023,08,30,15,20,0.0,8,0.0,4,,,,,,288.5,8,2022,08,04,288.5,8,2022,08,04,1978
54191,新潟県,下関（シモセキ）,,2023,08,30,15,20,0.0,8,0.0,4,,,,,,560.0,8,2022,08,04,560.0,8,2022,08,04,1976
54232,新潟県,新潟（ニイガタ）,47604,2023,08,30,15,20,0.0,8,0.0,4,,,,,,266,8,1998,08,04,266,8,1998,08,04,1976
54236,新潟県,松浜（マツハマ）,,2023,08,30,15,20,0.0,8,0.0,4,,,,,,166.5,8,2011,07,30,106,8,2004,08,18,2003
54271,新潟県,羽茂（ハモチ）,,2023,08,30,15,20,0.0,8,0.0,4,,,,,,262,8,1978,06,27,133,8,2004,08,18,1976
54296,新潟県,新津（ニイツ）,,2023,08,30,15,20,0.0,8,0.0,4,,,,,,203,8,1995,08,03,203,8,1995,08,03,1976
54301,新潟県,瓢湖（ヒョウコ）,,2023,08,30,15,20,0.0,8,0.0,4,,,,,,143.0,8,2017,07,24,106.5,8,2021,08,23,2014
54311,新潟県,赤谷（アカダニ）,,2023,08,30,15,20,0.0,8,0.0,4,,,,,,291,8,2005,06,28,284,8,1995,08,03,1976
54341,新潟県,巻（マキ）,,2023,08,30,15,20,0.0,8,0.0,4,,,,,,188,8,1978,06,27,160,8,1995,08,03,1976
54387,新潟県,寺泊（テラドマリ）,,2023,08,30,15,20,0.0,8,0.0,4,,,,,,233,8,2006,07,01,104.5,8,2013,08,01,2001
54396,新潟県,三条（サンジョウ）,,2023,08,30,15,20,0.0,8,0.0,4,,,,,,245.5,8,2011,07,30,147,8,2005,08,11,1976
54406,新潟県,村松（ムラマツ）,,2023,08,30,15,20,0.0,8,0.0,4,,,,,,230.0,8,2011,07,30,182,8,1995,08,03,1976
54421,新潟県,津川（ツガワ）,,2023,08,30,15,20,0.0,4,0.0,4,,,,,,265,8,1978,06,27,226,8,1995,08,03,1976
54462,新潟県,宮寄上（ミヤヨリカミ）,,2023,08,30,15,20,3.5,8,3.5,4,15,20,8,,,473.5,8,2011,07,30,176,8,1995,08,03,1983
54472,新潟県,室谷（ムロヤ）,,2023,08,30,15,20,0.0,8,0.0,4,,,,,,303,8,2004,07,14,209,8,1995,08,03,1993
54501,新潟県,長岡（ナガオカ）,,2023,08,30,15,20,0.0,8,0.0,4,,,,,,252,8,1978,06,27,245,8,1995,08,11,1976
54506,新潟県,栃尾（トチオ）,,2023,08,30,15,20,0.0,8,0.0,4,,,,,,423,8,2004,07,13,216,8,1995,08,11,1976
54541,新潟県,柏崎（カシワザキ）,,2023,08,30,15,20,0.0,8,0.0,4,,,,,,260,8,2005,06,28,149,8,1984,08,30,1976
54566,新潟県,守門（スモン）,,2023,08,30,15,20,0.0,8,0.0,4,,,,,,273.5,8,2011,07,30,224,8,1998,08,04,1976
54586,新潟県,大潟（オオガタ）,,2023,08,30,15,20,0.0,8,0.0,4,,,,,,230,8,2005,06,28,139,8,1998,08,17,1978
54606,新潟県,小国（オグニ）,,2023,08,30,15,20,0.0,8,0.0,4,,,,,,244,8,2005,06,28,190,8,1984,08,30,1977
54616,新潟県,小出（コイデ）,,2023,08,30,15,20,0.0,8,0.0,4,,,,,,239,8,2005,06,28,188,8,1984,08,31,1976
54621,新潟県,大湯（オオユ）,,2023,08,30,15,20,0.0,8,0.0,4,,,,,,294,8,2005,06,28,184,8,1984,08,31,1981
54651,新潟県,高田（タカダ）,47612,2023,08,30,15,20,8.0,8,8.0,4,15,20,8,,,242.5,8,2016,07,27,147,8,1998,08,17,1976
54661,新潟県,安塚（ヤスヅカ）,,2023,08,30,15,20,0.5,8,0.5,4,15,20,8,,,240,8,1995,07,12,136,8,1978,08,18,1976
54666,新潟県,川谷（カワダニ）,,2023,08,30,15,20,0.0,8,0.0,4,,,,,,335,8,2005,06,28,138,8,1998,08,17,1985
54671,新潟県,松代（マツダイ）,,2023,08,30,15,20,0.0,8,0.0,4,,,,,,261,8,2005,06,28,149,8,2005,08,16,1977
54676,新潟県,十日町（トオカマチ）,,2023,08,30,15,20,1.0,8,1.0,4,15,20,8,,,289.0,8,2011,07,30,140,8,2005,08,13,1976
54711,新潟県,糸魚川（イトイガワ）,,2023,08,30,15,20,0.0,8,0.0,4,,,,,,230.0,8,2017,07,01,191,8,1983,08,22,1976
54721,新潟県,能生（ノウ）,,2023,08,30,15,20,0.0,8,0.0,4,,,,,,269.0,8,2019,10,13,203,8,1981,08,23,1976
54737,新潟県,筒方（ドウガタ）,,2023,08,30,15,20,0.5,8,0.5,4,15,20,8,,,243.0,8,2019,10,13,156.5,8,2019,08,26,1985
54761,新潟県,塩沢（シオザワ）,,2023,08,30,15,20,1.0,8,1.0,4,15,20,8,,,344.0,8,2011,07,30,141,8,2005,08,13,1983
54816,新潟県,関山（セキヤマ）,,2023,08,30,15,20,13.0,8,13.0,4,15,20,8,,,255.0,8,2019,10,13,118,8,1981,08,23,1976
54836,新潟県,津南（ツナン）,,2023,08,30,15,20,3.0,8,3.0,4,15,20,8,,,218.0,8,2019,10,13,174,8,2005,08,16,1976
54841,新潟県,湯沢（ユザワ）,,2023,08,30,15,20,0.5,8,0.5,4,15,20,8,,,256.5,8,2019,10,13,213,8,1981,08,23,1976
54876,新潟県,平岩（ヒライワ）,,2023,08,30,15,20,1.0,8,1.0,4,15,20,8,,,223.0,8,2019,10,13,161,8,2002,08,20,1978
54892,新潟県,樽本（タルモト）,,2023,08,30,15,20,3.5,8,3.5,4,15,20,8,,,271.0,4,2019,10,13,85.0,8,2019,08,20,1985
55022,富山県,朝日（アサヒ）,,2023,08,30,15,20,0.0,8,0.0,4,,,,,,232.5,8,2019,10,13,172,8,1976,08,15,1976
55041,富山県,氷見（ヒミ）,,2023,08,30,15,20,0.0,8,0.0,4,,,,,,224.5,8,2021,08,13,224.5,8,2021,08,13,1978
55056,富山県,魚津（ウオヅ）,,2023,08,30,15,20,0.0,8,0.0,4,,,,,,252.5,8,2014,07,20,186,4,1976,08,15,1976
55063,富山県,宇奈月（ウナヅキ）,,2023,08,30,15,20,0.0,8,0.0,4,,,,,,287,8,1995,07,12,150.5,8,2013,08,24,1984
55091,富山県,伏木（フシキ）,47606,2023,08,30,15,20,0.0,8,0.0,4,,,,,,214.0,8,2013,08,24,214.0,8,2013,08,24,1976
55102,富山県,富山（トヤマ）,47607,2023,08,30,15,20,0.0,8,0.0,4,,,,,,193.5,8,2023,07,13,186.0,8,2013,08,24,1976
55141,富山県,砺波（トナミ）,,2023,08,30,15,20,0.0,8,0.0,4,,,,,,176.0,8,2023,07,13,143.5,8,2013,08,24,1976
55151,富山県,秋ヶ島（アキガシマ）,,2023,08,30,15,20,0.0,8,0.0,4,,,,,,205.5,8,2023,07,13,144.5,8,2013,08,24,2003
55156,富山県,大山（オオヤマ）,,2023,08,30,15,20,0.0,8,0.0,4,,,,,,212.5,8,2018,07,05,155.5,8,2013,08,24,1984
55166,富山県,上市（カミイチ）,,2023,08,30,15,20,0.0,8,0.0,4,,,,,,226.0,8,2018,07,05,203.5,8,2017,08,09,1978
55191,富山県,南砺高宮（ナントタカミヤ）,,2023,08,30,15,20,0.0,8,0.0,4,,,,,,187,8,1983,09,28,155.0,8,2013,08,24,1976
55206,富山県,八尾（ヤツオ）,,2023,08,30,15,20,0.0,8,0.0,4,,,,,,203,8,1979,10,01,152.5,8,2013,08,24,1976
55217,富山県,立山芦峅（タテヤマアシクラ）,,2023,08,30,15,20,0.0,8,0.0,4,,,,,,230.5,8,2018,07,06,212.0,8,2017,08,09,2010
55252,富山県,五箇山（ゴカヤマ）,,2023,08,30,15,20,0.0,8,0.0,4,,,,,,242.5,8,2017,10,23,163.5,8,2017,08,09,2004
55267,富山県,猪谷（イノタニ）,,2023,08,30,15,20,0.0,8,0.0,4,,,,,,222.5,8,2018,07,06,156.0,8,2013,08,24,1996
56036,石川県,珠洲（スズ）,,2023,08,30,15,20,0.0,8,0.0,4,,,,,,195,8,1997,06,29,193,8,1990,08,18,1976
56052,石川県,輪島（ワジマ）,47600,2023,08,30,15,20,0.0,8,0.0,4,,,,,,220,8,2005,06,28,211.5,8,2018,08,31,1976
56081,石川県,門前（モンゼン）,,2023,08,30,15,20,0.0,8,0.0,4,,,,,,185.0,8,2011,09,21,133,8,2006,08,13,1976
56093,石川県,三井（ミイ）,,2023,08,30,15,20,0.0,8,0.0,4,,,,,,178.0,8,2013,06,19,138.5,8,2018,08,31,2003
56116,石川県,志賀（シカ）,,2023,08,30,15,20,0.0,8,0.0,4,,,,,,168.5,8,2018,09,01,161.5,8,2018,08,31,1976
56146,石川県,七尾（ナナオ）,,2023,08,30,15,20,0.0,8,0.0,4,,,,,,219.0,8,2013,06,19,195,8,1990,08,18,1976
56176,石川県,羽咋（ハクイ）,,2023,08,30,15,20,0.0,8,0.0,4,,,,,,216.5,8,2014,08,17,216.5,8,2014,08,17,1976
56186,石川県,かほく（カホク）,,2023,08,30,15,20,0.0,8,0.0,4,,,,,,223.5,8,2013,08,24,223.5,8,2013,08,24,1976
56192,石川県,宝達志水（ホウダツシミズ）,,2023,08,30,15,20,0.0,8,0.0,4,,,,,,213.5,8,2021,08,13,213.5,8,2021,08,13,2003
56227,石川県,金沢（カナザワ）,47605,2023,08,30,15,20,0.0,8,0.0,4,,,,,,199,8,1996,06,25,150.5,8,2017,08,08,1991
56232,石川県,医王山（イオウゼン）,,2023,08,30,15,20,0.0,8,0.0,4,,,,,,283.0,8,2017,10,23,256.0,8,2017,08,09,2003
56276,石川県,小松（コマツ）,,2023,08,30,15,20,0.0,8,0.0,4,,,,,,251.0,8,2022,08,04,251.0,8,2022,08,04,1978
56286,石川県,白山河内（ハクサンカワチ）,,2023,08,30,15,20,0.0,8,0.0,4,,,,,,397.0,8,2022,08,04,397.0,8,2022,08,04,1976
56301,石川県,加賀中津原（カガナカツハラ）,,2023,08,30,15,20,0.0,8,0.0,4,,,,,,238.0,8,2017,08,08,238.0,8,2017,08,08,1976
56346,石川県,白山白峰（ハクサンシラミネ）,,2023,08,30,15,20,0.0,8,0.0,4,,,,,,276.0,8,2022,08,04,276.0,8,2022,08,04,1977
56401,石川県,舳倉島（ヘグラジマ）,,2023,08,30,15,20,0.0,8,0.0,4,,,,,,124.0,8,2018,08,31,124.0,8,2018,08,31,2014
57001,福井県,三国（ミクニ）,,2023,08,30,15,20,0.0,8,0.0,4,,,,,,218.5,8,2011,05,30,149,8,1995,08,31,1976
57026,福井県,春江（ハルエ）,,2023,08,30,15,20,0.0,8,0.0,4,,,,,,179.0,8,2018,07,07,128.5,8,2022,08,05,2003
57051,福井県,越廼（コシノ）,,2023,08,30,15,20,0.0,8,0.0,4,,,,,,230.0,8,2018,07,07,173.0,8,2011,08,19,1978
57066,福井県,福井（フクイ）,47616,2023,08,30,15,20,0.0,8,0.0,4,,,,,,198,8,2004,07,18,179.0,8,2022,08,05,1976
57071,福井県,美山（ミヤマ）,,2023,08,30,15,20,0.0,8,0.0,4,,,,,,285,8,2004,07,18,187.0,8,2017,08,08,1976
57082,福井県,勝山（カツヤマ）,,2023,08,30,15,20,0.5,8,0.5,4,15,20,8,,,197,8,2006,07,19,179.0,8,2022,08,04,1993
57106,福井県,武生（タケフ）,,2023,08,30,15,20,0.0,8,0.0,4,,,,,,210.5,8,2022,08,05,210.5,8,2022,08,05,2005
57121,福井県,大野（オオノ）,,2023,08,30,15,20,0.0,8,0.0,4,,,,,,215.0,8,2022,08,05,215.0,8,2022,08,05,1976
57176,福井県,九頭竜（クズリュウ）,,2023,08,30,15,20,0.0,8,0.0,4,,,,,,316,8,2002,07,10,206.0,8,2022,08,04,1982
57206,福井県,今庄（イマジョウ）,,2023,08,30,15,20,0.0,8,0.0,4,,,,,,405.5,8,2022,08,05,405.5,8,2022,08,05,1976
57248,福井県,敦賀（ツルガ）,47631,2023,08,30,15,20,0.0,8,0.0,4,,,,,,215.0,8,2013,09,16,203.0,8,2017,08,08,1976
57286,福井県,美浜（ミハマ）,,2023,08,30,15,20,0.0,8,0.0,4,,,,,,352,8,1999,08,15,352,8,1999,08,15,1976
57311,福井県,大飯（オオイ）,,2023,08,30,15,20,0.5,8,0.5,4,15,20,8,,,370.0,8,2011,05,30,149.5,8,2014,08,09,1995
57317,福井県,小浜（オバマ）,,2023,08,30,15,20,0.0,8,0.0,4,,,,,,384.0,8,2013,09,16,251,8,1982,08,02,1976
60026,滋賀県,柳ケ瀬（ヤナガセ）,,2023,08,30,15,20,1.0,8,1.0,4,15,20,8,,,263.0,8,2018,07,06,252.5,8,2017,08,08,1976
60051,滋賀県,今津（イマヅ）,,2023,08,30,15,20,0.0,8,0.0,4,,,,,,231.5,8,2018,07,06,166.0,8,2017,08,08,1976
60061,滋賀県,長浜（ナガハマ）,,2023,08,30,15,20,1.5,8,1.5,4,15,20,8,,,201.0,8,2017,10,23,128.5,8,2021,08,15,1976
60081,滋賀県,朽木平良（クツキヘラ）,,2023,08,30,15,20,0.0,8,0.0,4,,,,,,469.0,8,2013,09,16,319.0,8,2017,08,08,2006
60102,滋賀県,米原（マイバラ）,,2023,08,30,15,20,0.0,8,0.0,4,,,,,,264.5,8,2017,08,08,264.5,8,2017,08,08,2001
60116,滋賀県,南小松（ミナミコマツ）,,2023,08,30,15,20,0.0,8,0.0,4,,,,,,253.5,8,2013,09,16,203.5,8,2014,08,16,1976
60131,滋賀県,彦根（ヒコネ）,47761,2023,08,30,15,20,0.5,8,0.5,4,15,20,8,,,214.0,8,2017,10,23,149.5,8,2021,08,15,1976
60161,滋賀県,近江八幡（オウミハチマン）,,2023,08,30,15,20,0.0,8,0.0,4,,,,,,261.5,8,2013,09,16,242.5,8,2021,08,15,1976
60196,滋賀県,東近江（ヒガシオウミ）,,2023,08,30,15,20,0.0,8,0.0,4,,,,,,227.0,8,2017,10,23,203,8,1982,08,02,1976
60216,滋賀県,大津（オオツ）,,2023,08,30,15,20,0.0,8,0.0,4,,,,,,302.5,8,2013,09,16,168,8,1982,08,02,1977
60226,滋賀県,信楽（シガラキ）,,2023,08,30,15,20,0.0,8,0.0,4,,,,,,311.5,8,2013,09,16,240,8,1982,08,02,1976
60236,滋賀県,土山（ツチヤマ）,,2023,08,30,15,20,4.0,8,4.0,4,15,20,8,,,334.5,8,2013,09,16,249.5,8,2014,08,10,1976
61001,京都府,間人（タイザ）,,2023,08,30,15,20,0.0,8,0.0,4,,,,,,180.5,8,2018,07,07,131,8,1982,08,02,1976
61031,京都府,峰山（ミネヤマ）,,2023,08,30,15,20,0.0,8,0.0,4,,,,,,210,8,1982,08,02,210,8,1982,08,02,1976
61076,京都府,宮津（ミヤヅ）,,2023,08,30,15,20,0.0,8,0.0,4,,,,,,320.5,8,2018,07,07,177,8,1982,08,02,1976
61096,京都府,坂浦（サカウラ）,,2023,08,30,15,20,0.0,8,0.0,4,,,,,,319.5,8,2018,07,07,291.5,8,2023,08,15,2013
61111,京都府,舞鶴（マイヅル）,47750,2023,08,30,15,20,0.0,8,0.0,4,,,,,,312.0,8,2017,10,23,212,8,1982,08,02,1976
61151,京都府,睦寄（ムツヨリ）,,2023,08,30,15,20,0.0,8,0.0,4,,,,,,371.5,8,2017,10,23,280.0,8,2023,08,15,1977
61187,京都府,福知山（フクチヤマ）,,2023,08,30,15,20,0.0,8,0.0,4,,,,,,303.5,8,2014,08,17,303.5,8,2014,08,17,1976
61192,京都府,三和（ミワ）,,2023,08,30,15,20,0.0,8,0.0,4,,,,,,250,8,2004,10,21,177,8,1982,08,02,1982
61196,京都府,綾部山家（アヤベヤマガ）,,2023,08,30,15,20,0.0,8,0.0,4,,,,,,115.5,8,2023,08,15,115.5,8,2023,08,15,2021
61201,京都府,本庄（ホンジョウ）,,2023,08,30,15,20,0.0,8,0.0,4,,,,,,252.5,8,2013,09,16,164,8,1982,08,02,1976
61206,京都府,美山（ミヤマ）,,2023,08,30,15,20,7.0,8,7.0,4,15,20,8,,,284.5,8,2013,09,16,174,8,1982,08,02,1978
61241,京都府,須知（シュウチ）,,2023,08,30,15,20,0.0,8,0.0,4,,,,,,251.0,8,2013,09,16,164,8,1982,08,02,1982
61242,京都府,園部（ソノベ）,,2023,08,30,15,20,0.0,8,0.0,4,,,,,,285.0,8,2013,09,16,168.0,8,2014,08,09,2002
61251,京都府,京北（ケイホク）,,2023,08,30,15,20,0.0,8,0.0,4,,,,,,290.0,8,2018,07,06,222.0,8,2014,08,16,1976
61286,京都府,京都（キョウト）,47759,2023,08,30,15,20,0.0,8,0.0,4,,,,,,270,8,1983,09,28,175,8,1997,08,05,1976
61306,京都府,長岡京（ナガオカキョウ）,,2023,08,30,15,20,0.0,8,0.0,4,,,,,,278.0,8,2015,07,18,186.0,8,2021,08,14,1976
61326,京都府,京田辺（キョウタナベ）,,2023,08,30,15,20,0.0,8,0.0,4,,,,,,244.0,8,2013,09,16,201.5,8,2012,08,14,1976
62016,大阪府,能勢（ノセ）,,2023,08,30,15,20,0.0,8,0.0,4,,,,,,299.0,8,2013,09,16,201.0,8,2023,08,15,1976
62037,大阪府,茨木（イバラキ）,,2023,08,30,15,20,0.0,8,0.0,4,,,,,,280.0,8,2015,07,18,168.0,8,2014,08,25,2009
62046,大阪府,枚方（ヒラカタ）,,2023,08,30,15,20,0.0,8,0.0,4,,,,,,283.5,8,2013,09,16,181,8,1999,08,11,1976
62051,大阪府,豊中（トヨナカ）,,2023,08,30,15,20,0.0,8,0.0,4,,,,,,277,8,1983,09,28,149.0,8,2013,08,25,1976
62078,大阪府,大阪（オオサカ）,47772,2023,08,30,15,20,0.0,8,0.0,4,,,,,,210,8,1989,09,03,148.5,8,2016,08,30,1976
62081,大阪府,生駒山（イコマヤマ）,,2023,08,30,15,20,0.0,8,0.0,4,,,,,,320,8,1999,08,11,320,8,1999,08,11,1976
62091,大阪府,堺（サカイ）,,2023,08,30,15,20,0.0,8,0.0,4,,,,,,216.0,8,2018,07,06,174,8,1982,08,03,1976
62096,大阪府,八尾（ヤオ）,,2023,08,30,15,20,0.0,8,0.0,4,,,,,,195.5,8,2018,07,06,119,8,2003,08,15,2003
62101,大阪府,関空島（カンクウジマ）,,2023,08,30,15,20,0.0,8,0.0,4,,,,,,230.5,8,2017,10,22,164.5,8,2021,08,18,2003
62111,大阪府,河内長野（カワチナガノ）,,2023,08,30,15,20,0.0,8,0.0,4,,,,,,264.0,8,2017,10,23,227,8,1982,08,02,1976
62131,大阪府,熊取（クマトリ）,,2023,08,30,15,20,0.0,8,0.0,4,,,,,,281.5,8,2017,10,22,163.0,8,2014,08,09,1976
63016,兵庫県,香住（カスミ）,,2023,08,30,15,20,0.0,8,0.0,4,,,,,,291,4,1990,09,20,174.5,8,2021,08,15,1976
63032,兵庫県,温泉（オンセン）,,2023,08,30,15,20,0.0,8,0.0,4,,,,,,251.5,8,2017,10,23,245.0,8,2023,08,15,2006
63051,兵庫県,豊岡（トヨオカ）,47747,2023,08,30,15,20,0.0,8,0.0,4,,,,,,218.5,8,2018,07,07,179.0,8,2021,08,15,1976
63071,兵庫県,兎和野高原（ウワノコウゲン）,,2023,08,30,15,20,0.0,8,0.0,4,,,,,,248.5,8,2023,08,15,248.5,8,2023,08,15,2005
63111,兵庫県,大屋（オオヤ）,,2023,08,30,15,20,0.0,8,0.0,4,,,,,,298.0,8,2011,09,03,251.5,8,2023,08,15,1976
63116,兵庫県,八鹿（ヨウカ）,,2023,08,30,15,20,0.0,8,0.0,4,,,,,,277.0,8,2023,08,15,277.0,8,2023,08,15,2005
63121,兵庫県,和田山（ワダヤマ）,,2023,08,30,15,20,0.0,8,0.0,4,,,,,,267.0,8,2018,07,07,197.0,8,2009,08,10,1976
63201,兵庫県,生野（イクノ）,,2023,08,30,15,20,0.0,8,0.0,4,,,,,,372,4,1976,09,10,189.5,8,2023,08,15,1976
63216,兵庫県,柏原（カイバラ）,,2023,08,30,15,20,0.0,8,0.0,4,,,,,,269,8,1999,09,08,259.0,8,2014,08,17,1976
63241,兵庫県,佐用（サヨウ）,,2023,08,30,15,20,0.0,8,0.0,4,,,,,,327.0,8,2009,08,09,327.0,8,2009,08,09,1976
63251,兵庫県,一宮（イチノミヤ）,,2023,08,30,15,20,0.0,8,0.0,4,,,,,,277,8,1990,09,18,207.5,8,2009,08,10,1976
63321,兵庫県,福崎（フクサキ）,,2023,08,30,15,20,0.0,8,0.0,4,,,,,,239.0,8,2011,09,04,124.5,8,2009,08,02,1976
63331,兵庫県,西脇（ニシワキ）,,2023,08,30,15,20,0.0,8,0.0,4,,,,,,226.5,8,2015,07,18,183,8,1996,08,28,1976
63346,兵庫県,後川（シツカワ）,,2023,08,30,15,20,0.0,8,0.0,4,,,,,,240.5,8,2013,09,16,233,8,1996,08,28,1976
63366,兵庫県,上郡（カミゴオリ）,,2023,08,30,15,20,0.0,8,0.0,4,,,,,,294,8,1976,09,11,151.0,8,2009,08,10,1976
63383,兵庫県,姫路（ヒメジ）,47769,2023,08,30,15,20,0.0,8,0.0,4,,,,,,318,8,1976,09,10,123,8,1996,08,27,1976
63411,兵庫県,三田（サンダ）,,2023,08,30,15,20,0.0,8,0.0,4,,,,,,194,8,2004,10,20,153.0,8,2014,08,09,1976
63461,兵庫県,三木（ミキ）,,2023,08,30,15,20,0.0,8,0.0,4,,,,,,278.0,8,2015,07,18,138,8,1982,08,02,1977
63477,兵庫県,西宮（ニシノミヤ）,,2023,08,30,15,20,0.0,8,0.0,4,,,,,,247.0,8,2015,07,18,165.5,8,2014,08,09,2006
63491,兵庫県,家島（イエシマ）,,2023,08,30,15,20,0.0,8,0.0,4,,,,,,571,4,1976,09,10,149.5,8,2014,08,10,1976
63496,兵庫県,明石（アカシ）,,2023,08,30,15,20,0.0,8,0.0,4,,,,,,261.0,8,2011,09,04,113.0,8,2014,08,10,1992
63517,兵庫県,神戸空港（コウベクウコウ）,,2023,08,30,15,20,0.0,8,0.0,4,,,,,,212.0,8,2015,07,18,169.0,8,2014,08,10,2006
63518,兵庫県,神戸（コウベ）,47770,2023,08,30,15,20,0.0,8,0.0,4,,,,,,272.0,8,2015,07,18,144.0,8,2021,08,18,1999
63551,兵庫県,郡家（グンゲ）,,2023,08,30,15,20,0.0,8,0.0,4,,,,,,375.5,8,2011,09,21,264,8,2003,08,09,1976
63571,兵庫県,洲本（スモト）,47776,2023,08,30,15,20,0.0,8,0.0,4,,,,,,232.5,8,2020,07,25,144.5,8,2018,08,24,2017
63588,兵庫県,南淡（ナンダン）,,2023,08,30,15,20,0.5,8,0.5,4,15,20,8,,,303.0,8,2013,09,16,189.0,8,2014,08,02,2004
64036,奈良県,奈良（ナラ）,47780,2023,08,30,15,20,0.0,8,0.0,4,,,,,,197.5,8,2017,10,23,161,8,1982,08,03,1976
64041,奈良県,針（ハリ）,,2023,08,30,15,20,0.0,8,0.0,4,,,,,,234,8,1982,08,02,234,8,1982,08,02,1976
64056,奈良県,田原本（タワラモト）,,2023,08,30,15,20,0.0,8,0.0,4,,,,,,215.0,8,2017,10,23,191,8,1982,08,01,1976
64076,奈良県,曽爾（ソニ）,,2023,08,30,15,20,0.0,8,0.0,4,,,,,,386.0,8,2011,09,03,334,8,1983,08,17,1976
64091,奈良県,葛城（カツラギ）,,2023,08,30,15,20,0.0,8,0.0,4,,,,,,256.5,8,2017,10,23,212,8,1982,08,02,1981
64101,奈良県,大宇陀（オオウダ）,,2023,08,30,15,20,0.0,8,0.0,4,,,,,,243,8,1982,08,02,243,8,1982,08,02,1976
64127,奈良県,五條（ゴジョウ）,,2023,08,30,15,20,0.0,8,0.0,4,,,,,,283.0,8,2023,06,03,125.0,8,2014,08,10,2005
64136,奈良県,吉野（ヨシノ）,,2023,08,30,15,20,0.0,8,0.0,4,,,,,,306.5,8,2013,09,16,305.5,8,2014,08,10,1991
64161,奈良県,天川（テンカワ）,,2023,08,30,15,20,0.0,8,0.0,4,,,,,,495.0,8,2013,09,16,388.0,8,2018,08,24,2010
64206,奈良県,上北山（カミキタヤマ）,,2023,08,30,15,20,17.5,8,17.5,4,15,20,8,,,714,8,2004,08,05,714,8,2004,08,05,1976
64227,奈良県,風屋（カゼヤ）,,2023,08,30,15,20,18.5,8,18.5,4,15,20,8,,,648.5,8,2011,09,04,414.0,8,2018,08,24,1977
64236,奈良県,下北山（シモキタヤマ）,,2023,08,30,15,20,16.5,8,16.5,4,15,20,8,,,471.5,8,2015,07,17,446.0,8,2023,08,15,2014
64262,奈良県,葛川（クズカワ）,,2023,08,30,15,20,24.5,8,24.5,4,15,20,8,,,455.5,8,2023,08,15,455.5,8,2023,08,15,2021
65021,和歌山県,葛城山（カツラギサン）,,2023,08,30,15,20,0.0,8,0.0,4,,,,,,275.0,8,2017,10,23,198.5,8,2017,08,08,1976
65026,和歌山県,かつらぎ（カツラギ）,,2023,08,30,15,20,0.0,8,0.0,4,,,,,,302.0,8,2023,06,03,163.0,8,2014,08,10,1979
65036,和歌山県,友ケ島（トモガシマ）,,2023,08,30,15,20,0.0,8,0.0,4,,,,,,276,8,2000,09,12,177.5,8,2021,08,18,1998
65042,和歌山県,和歌山（ワカヤマ）,47777,2023,08,30,15,20,0.0,8,0.0,4,,,,,,375,8,2000,09,12,216.0,8,2021,08,18,1976
65061,和歌山県,高野山（コウヤサン）,,2023,08,30,15,20,0.5,8,0.5,4,15,20,8,,,390.5,8,2013,09,16,243,8,1982,08,02,1976
65106,和歌山県,湯浅（ユアサ）,,2023,08,30,15,20,0.0,8,0.0,4,,,,,,385.0,8,2023,06,03,283.5,8,2019,08,16,1976
65121,和歌山県,清水（シミズ）,,2023,08,30,15,20,1.0,8,1.0,4,15,20,8,,,385.0,8,2011,09,04,299.5,8,2019,08,16,1976
65127,和歌山県,護摩壇山（ゴマダンザン）,,2023,08,30,15,20,15.0,8,15.0,4,15,20,8,,,450.0,8,2013,09,16,335.5,8,2018,08,24,2010
65162,和歌山県,龍神（リュウジン）,,2023,08,30,15,20,11.0,8,11.0,4,15,20,8,,,596.5,8,2011,09,04,454.0,8,2018,08,24,1994
65201,和歌山県,川辺（カワベ）,,2023,08,30,15,20,0.5,8,0.5,4,15,20,8,,,373.0,8,2015,07,17,261.0,8,2021,08,18,1999
65226,和歌山県,本宮（ホングウ）,,2023,08,30,15,20,14.5,8,14.5,4,15,20,8,,,648.5,4,2011,09,03,422,8,2001,08,21,1976
65256,和歌山県,栗栖川（クリスガワ）,,2023,08,30,15,20,8.5,8,8.5,4,15,20,8,,,533.0,8,2011,09,04,341,8,2003,08,09,1976
65276,和歌山県,新宮（シングウ）,,2023,08,30,15,20,17.5,8,17.5,4,15,20,8,,,609.0,8,2011,09,04,302,8,2001,08,21,1976
65288,和歌山県,南紀白浜（ナンキシラハマ）,,2023,08,30,15,20,8.0,8,8.0,4,15,20,8,,,377.0,8,2011,09,04,201.0,8,2018,08,24,2006
65306,和歌山県,西川（ニシカワ）,,2023,08,30,15,20,57.5,8,57.5,4,15,20,8,,,685.0,8,2011,09,04,602,8,2001,08,21,1979
65311,和歌山県,色川（イロカワ）,,2023,08,30,15,20,17.0,8,17.0,4,15,20,8,,,689,8,2001,08,21,689,8,2001,08,21,1977
65321,和歌山県,日置川（ヒキガワ）,,2023,08,30,15,20,18.5,8,18.5,4,15,20,8,,,553.0,8,2011,09,04,354,8,2001,08,22,1976
65356,和歌山県,潮岬（シオノミサキ）,47778,2023,08,30,15,20,30.5,8,30.5,4,15,20,8,,,393.5,8,2014,08,03,393.5,8,2014,08,03,1976
66046,岡山県,上長田（カミナガタ）,,2023,08,30,15,20,0.0,8,0.0,4,,,,,,300,8,1990,09,20,214.5,8,2023,08,16,1978
66056,岡山県,恩原（オンバラ）,,2023,08,30,15,20,0.0,8,0.0,4,,,,,,534.5,8,2023,08,16,534.5,8,2023,08,16,1981
66091,岡山県,千屋（チヤ）,,2023,08,30,15,20,0.0,8,0.0,4,,,,,,279.0,8,2018,07,07,191.0,8,2023,08,16,1978
66112,岡山県,富（トミ）,,2023,08,30,15,20,0.0,8,0.0,4,,,,,,304.0,8,2018,07,07,277.0,8,2023,08,16,2006
66127,岡山県,奈義（ナギ）,,2023,08,30,15,20,0.0,8,0.0,4,,,,,,226.0,8,2018,07,07,207.5,8,2009,08,10,1977
66136,岡山県,今岡（イマオカ）,,2023,08,30,15,20,0.0,8,0.0,4,,,,,,243.0,8,2018,07,07,232.0,8,2009,08,10,1976
66171,岡山県,久世（クセ）,,2023,08,30,15,20,0.0,8,0.0,4,,,,,,246.0,8,2018,07,07,170.5,8,2021,08,14,1976
66186,岡山県,津山（ツヤマ）,47756,2023,08,30,15,20,0.0,8,0.0,4,,,,,,245.0,8,2018,07,07,128.0,8,2021,08,15,1976
66221,岡山県,新見（ニイミ）,,2023,08,30,15,20,0.0,8,0.0,4,,,,,,262.5,8,2018,07,07,181.0,8,2021,08,14,1978
66226,岡山県,下呰部（シモアザエ）,,2023,08,30,15,20,0.0,8,0.0,4,,,,,,246.0,8,2018,07,07,152.0,8,2021,08,14,1976
66237,岡山県,旭西（アサヒニシ）,,2023,08,30,15,20,0.0,8,0.0,4,,,,,,230.0,8,2018,07,07,126.5,8,2021,08,14,2010
66251,岡山県,赤磐（アカイワ）,,2023,08,30,15,20,0.0,8,0.0,4,,,,,,283,8,1990,09,19,165.0,8,2009,08,10,1976
66276,岡山県,陣山（ジンヤマ）,,2023,08,30,15,20,0.0,8,0.0,4,,,,,,273.0,8,2011,09,03,173.5,8,2021,08,14,1976
66287,岡山県,吉備中央（キビチュウオウ）,,2023,08,30,15,20,0.0,8,0.0,4,,,,,,224.0,8,2011,09,03,126.0,8,2021,08,14,2006
66296,岡山県,福渡（フクワタリ）,,2023,08,30,15,20,0.0,8,0.0,4,,,,,,202.5,8,2018,07,07,145,8,2004,08,01,1976
66306,岡山県,和気（ワケ）,,2023,08,30,15,20,0.0,8,0.0,4,,,,,,327,4,1990,09,19,157,8,2003,08,09,1976
66336,岡山県,高梁（タカハシ）,,2023,08,30,15,20,0.0,8,0.0,4,,,,,,225.5,8,2018,07,07,145.5,8,2021,08,14,1976
66346,岡山県,日応寺（ニチオウジ）,,2023,08,30,15,20,0.0,8,0.0,4,,,,,,175.0,8,2018,07,07,96.5,8,2021,08,14,2003
66381,岡山県,佐屋（サヤ）,,2023,08,30,15,20,0.5,8,0.5,4,15,20,8,,,263.0,8,2018,07,07,157.5,8,2021,08,14,1976
66391,岡山県,矢掛（ヤカゲ）,,2023,08,30,15,20,0.0,8,0.0,4,,,,,,193.0,8,2011,09,03,103.5,8,2017,08,08,1976
66408,岡山県,岡山（オカヤマ）,47768,2023,08,30,15,20,0.0,8,0.0,4,,,,,,199.0,8,2011,09,03,100.5,8,2009,08,10,1976
66421,岡山県,虫明（ムシアゲ）,,2023,08,30,15,20,0.0,8,0.0,4,,,,,,404,8,1976,09,12,175,8,2003,08,09,1976
66446,岡山県,倉敷（クラシキ）,,2023,08,30,15,20,0.0,8,0.0,4,,,,,,209.0,8,2011,09,03,78.5,8,2021,08,15,1976
66481,岡山県,笠岡（カサオカ）,,2023,08,30,15,20,0.0,8,0.0,4,,,,,,207.5,8,2018,07,07,98,8,1980,08,31,1976
66501,岡山県,玉野（タマノ）,,2023,08,30,15,20,0.0,8,0.0,4,,,,,,213,8,1983,09,28,105,8,1993,08,16,1976
67016,広島県,高野（タカノ）,,2023,08,30,15,20,0.0,8,0.0,4,,,,,,194,8,2006,07,19,166.0,8,2021,08,14,1976
67026,広島県,道後山（ドウゴヤマ）,,2023,08,30,15,20,0.0,8,0.0,4,,,,,,336.0,8,2011,09,03,185.0,8,2021,08,14,2006
67052,広島県,君田（キミタ）,,2023,08,30,15,20,0.0,8,0.0,4,,,,,,193.5,8,2020,07,14,173.0,8,2021,08,14,2006
67106,広島県,三次（ミヨシ）,,2023,08,30,15,20,0.0,8,0.0,4,,,,,,228.0,8,2018,07,07,189.0,8,2021,08,14,1976
67116,広島県,庄原（ショウバラ）,,2023,08,30,15,20,0.0,8,0.0,4,,,,,,256.5,8,2018,07,07,181.5,8,2014,08,06,1976
67126,広島県,東城（トウジョウ）,,2023,08,30,15,20,0.0,8,0.0,4,,,,,,300.0,8,2018,07,07,169.0,8,2021,08,14,1976
67136,広島県,八幡（ヤワタ）,,2023,08,30,15,20,0.0,8,0.0,4,,,,,,341,8,1997,07,28,293.0,8,2021,08,09,1978
67151,広島県,大朝（オオアサ）,,2023,08,30,15,20,0.0,8,0.0,4,,,,,,241.0,8,2017,07,05,235.0,8,2021,08,09,1976
67161,広島県,美土里（ミドリ）,,2023,08,30,15,20,0.0,8,0.0,4,,,,,,224.5,8,2017,07,05,213.0,8,2021,08,14,2006
67191,広島県,油木（ユキ）,,2023,08,30,15,20,0.0,8,0.0,4,,,,,,268.0,8,2018,07,07,178.0,8,2021,08,14,1978
67211,広島県,王泊（オオドマリ）,,2023,08,30,15,20,0.0,8,0.0,4,,,,,,265.0,8,2017,07,05,194.5,8,2021,08,09,1978
67212,広島県,加計（カケ）,,2023,08,30,15,20,0.0,8,0.0,4,,,,,,270,8,1988,07,21,214.0,8,2021,08,09,1976
67217,広島県,都志見（ツシミ）,,2023,08,30,15,20,0.0,8,0.0,4,,,,,,236.0,8,2010,07,14,209.0,8,2021,08,14,2006
67231,広島県,甲田（コウダ）,,2023,08,30,15,20,0.0,8,0.0,4,,,,,,288.5,8,2018,07,07,233.0,8,2021,08,14,1976
67251,広島県,上下（ジョウゲ）,,2023,08,30,15,20,0.0,8,0.0,4,,,,,,244.5,8,2018,07,07,221.5,8,2021,08,14,1976
67271,広島県,内黒山（ウチグロヤマ）,,2023,08,30,15,20,1.0,8,1.0,4,15,20,8,,,360.0,8,2022,09,19,228.5,8,2021,08,09,1976
67292,広島県,三入（ミイリ）,,2023,08,30,15,20,0.0,8,0.0,4,,,,,,263.5,8,2018,07,07,257.0,8,2014,08,20,1976
67306,広島県,安宿（アスカ）,,2023,08,30,15,20,0.0,8,0.0,4,,,,,,294.0,8,2018,07,07,234.5,8,2021,08,14,2010
67316,広島県,世羅（セラ）,,2023,08,30,15,20,0.0,8,0.0,4,,,,,,259.0,8,2018,07,07,182.0,8,2021,08,14,1976
67326,広島県,府中（フチュウ）,,2023,08,30,15,20,0.0,8,0.0,4,,,,,,245.0,8,2018,07,07,121,8,1992,08,09,1976
67351,広島県,佐伯湯来（サエキユキ）,,2023,08,30,15,20,0.0,8,0.0,4,,,,,,287.5,8,2022,09,19,253.5,8,2021,08,14,2006
67371,広島県,志和（シワ）,,2023,08,30,15,20,0.0,8,0.0,4,,,,,,334.5,8,2018,07,07,241.5,8,2021,08,14,1977
67376,広島県,東広島（ヒガシヒロシマ）,,2023,08,30,15,20,0.0,8,0.0,4,,,,,,299.5,8,2018,07,07,190.5,8,2021,08,14,1976
67386,広島県,本郷（ホンゴウ）,,2023,08,30,15,20,0.0,8,0.0,4,,,,,,292.0,8,2018,07,07,174.0,8,2021,08,14,2003
67401,広島県,福山（フクヤマ）,47767,2023,08,30,15,20,0.0,8,0.0,4,,,,,,238.0,8,2018,07,07,126,8,1989,08,27,1976
67421,広島県,廿日市津田（ハツカイチツタ）,,2023,08,30,15,20,0.0,8,0.0,4,,,,,,369.0,8,2022,09,19,219.0,8,2021,08,14,1978
67437,広島県,広島（ヒロシマ）,47765,2023,08,30,15,20,0.0,8,0.0,4,,,,,,313.0,8,2018,07,07,239.5,8,2021,08,14,1976
67461,広島県,竹原（タケハラ）,,2023,08,30,15,20,0.0,8,0.0,4,,,,,,283.0,8,2018,07,07,145,8,1989,08,27,1976
67471,広島県,生口島（イクチジマ）,,2023,08,30,15,20,0.0,8,0.0,4,,,,,,240.5,8,2018,07,07,126,8,1989,08,27,1976
67496,広島県,大竹（オオタケ）,,2023,08,30,15,20,0.0,8,0.0,4,,,,,,293.0,8,2018,07,07,228.0,8,2014,08,06,1976
67511,広島県,呉（クレ）,47766,2023,08,30,15,20,0.0,8,0.0,4,,,,,,309.5,8,2018,07,07,186.0,8,2021,08,14,1976
67566,広島県,倉橋（クラハシ）,,2023,08,30,15,20,0.0,8,0.0,4,,,,,,290.5,8,2018,07,07,143.0,8,2021,08,13,1976
67576,広島県,呉市蒲刈（クレシカマガリ）,,2023,08,30,15,20,0.0,8,0.0,4,,,,,,327.5,8,2018,07,07,119.0,8,2013,08,25,2009
68022,島根県,西郷（サイゴウ）,47740,2023,08,30,15,20,0.0,8,0.0,4,,,,,,281.5,8,2020,08,07,281.5,8,2020,08,07,1976
68046,島根県,西郷岬（サイゴウミサキ）,,2023,08,30,15,20,0.0,8,0.0,4,,,,,,226.0,8,2010,09,08,215.0,8,2021,08,09,2003
68056,島根県,海士（アマ）,,2023,08,30,15,20,0.0,8,0.0,4,,,,,,321.0,8,2021,08,09,321.0,8,2021,08,09,1978
68091,島根県,鹿島（カシマ）,,2023,08,30,15,20,0.0,8,0.0,4,,,,,,224.5,8,2023,07,08,145.0,8,2021,08,09,1976
68121,島根県,斐川（ヒカワ）,,2023,08,30,15,20,0.0,8,0.0,4,,,,,,252,8,2005,07,02,168.0,8,2021,08,09,1976
68132,島根県,松江（マツエ）,47741,2023,08,30,15,20,0.0,8,0.0,4,,,,,,222,8,1988,07,14,156.0,8,2021,08,09,1976
68156,島根県,出雲（イズモ）,,2023,08,30,15,20,0.0,8,0.0,4,,,,,,249,8,1981,06,29,182.5,8,2021,08,09,1978
68166,島根県,大東（ダイトウ）,,2023,08,30,15,20,0.0,8,0.0,4,,,,,,201,8,1985,09,12,133.5,8,2021,08,09,1976
68181,島根県,伯太（ハクタ）,,2023,08,30,15,20,0.0,8,0.0,4,,,,,,376.0,8,2011,09,03,140.0,8,2021,08,14,1976
68206,島根県,佐田（サダ）,,2023,08,30,15,20,0.0,8,0.0,4,,,,,,209,8,1993,09,04,189.5,8,2021,08,09,1976
68246,島根県,大田（オオダ）,,2023,08,30,15,20,0.0,8,0.0,4,,,,,,192,8,2006,07,18,183.0,8,2021,08,09,1976
68261,島根県,掛合（カケヤ）,,2023,08,30,15,20,0.0,8,0.0,4,,,,,,197,8,1993,09,04,166.5,8,2021,08,09,1976
68276,島根県,横田（ヨコタ）,,2023,08,30,15,20,0.0,8,0.0,4,,,,,,184.5,8,2017,10,23,156.5,8,2014,08,06,1976
68286,島根県,福光（フクミツ）,,2023,08,30,15,20,0.0,8,0.0,4,,,,,,239.5,8,2018,09,01,225.0,8,2013,08,24,1978
68306,島根県,赤名（アカナ）,,2023,08,30,15,20,0.0,8,0.0,4,,,,,,211,8,2006,07,19,161.0,8,2021,08,09,1978
68346,島根県,桜江（サクラエ）,,2023,08,30,15,20,0.0,8,0.0,4,,,,,,413.5,8,2013,08,24,413.5,8,2013,08,24,1976
68351,島根県,川本（カワモト）,,2023,08,30,15,20,0.0,8,0.0,4,,,,,,272.5,8,2021,08,09,272.5,8,2021,08,09,1976
68376,島根県,浜田（ハマダ）,47755,2023,08,30,15,20,0.0,8,0.0,4,,,,,,396,8,1988,07,15,328.0,8,2013,08,24,1976
68401,島根県,瑞穂（ミズホ）,,2023,08,30,15,20,0.0,8,0.0,4,,,,,,275.5,8,2021,08,09,275.5,8,2021,08,09,1976
68421,島根県,三隅（ミスミ）,,2023,08,30,15,20,0.0,8,0.0,4,,,,,,344,8,1988,07,21,237,8,1995,08,31,1976
68431,島根県,弥栄（ヤサカ）,,2023,08,30,15,20,0.0,8,0.0,4,,,,,,352,4,1985,07,06,242.5,8,2021,08,09,1978
68436,島根県,波佐（ハザ）,,2023,08,30,15,20,0.0,8,0.0,4,,,,,,369.5,8,2017,07,05,301.5,8,2021,08,09,1977
68456,島根県,高津（タカツ）,,2023,08,30,15,20,0.0,8,0.0,4,,,,,,239.0,8,2013,08,25,239.0,8,2013,08,25,2003
68462,島根県,益田（マスダ）,,2023,08,30,15,20,0.0,8,0.0,4,,,,,,336,4,1983,07,23,212.5,8,2013,08,25,1978
68501,島根県,匹見（ヒキミ）,,2023,08,30,15,20,0.0,8,0.0,4,,,,,,248.0,8,2022,09,19,236.5,8,2013,08,25,1977
68516,島根県,津和野（ツワノ）,,2023,08,30,15,20,0.0,8,0.0,4,,,,,,381.0,8,2013,07,29,238.0,8,2021,08,14,1976
68541,島根県,吉賀（ヨシカ）,,2023,08,30,15,20,1.5,8,1.5,4,15,20,8,,,262.0,8,2022,09,19,191.5,8,2021,08,14,2006
69006,鳥取県,境（サカイ）,47742,2023,08,30,15,20,0.0,8,0.0,4,,,,,,296,8,2006,07,19,163,8,1995,08,31,1976
69021,鳥取県,塩津（シオツ）,,2023,08,30,15,20,0.0,8,0.0,4,,,,,,290.0,8,2021,07,07,197,8,2007,08,29,1977
69041,鳥取県,青谷（アオヤ）,,2023,08,30,15,20,0.0,8,0.0,4,,,,,,299,8,1987,10,17,158.5,8,2017,08,08,1976
69052,鳥取県,湖山（コヤマ）,,2023,08,30,15,20,0.0,8,0.0,4,,,,,,227.5,8,2023,07,13,170.0,8,2013,08,02,2003
69061,鳥取県,岩井（イワイ）,,2023,08,30,15,20,0.0,8,0.0,4,,,,,,358,8,1990,09,20,207.0,8,2023,08,15,1976
69076,鳥取県,米子（ヨナゴ）,47744,2023,08,30,15,20,0.0,8,0.0,4,,,,,,207,8,1987,10,17,125,8,1976,08,11,1976
69101,鳥取県,倉吉（クラヨシ）,,2023,08,30,15,20,0.0,8,0.0,4,,,,,,355,8,1987,10,17,177.0,8,2023,08,16,1976
69111,鳥取県,鹿野（シカノ）,,2023,08,30,15,20,0.0,8,0.0,4,,,,,,580,8,1987,10,17,485.5,8,2023,08,16,1982
69122,鳥取県,鳥取（トットリ）,47746,2023,08,30,15,20,0.0,8,0.0,4,,,,,,225.5,8,2023,08,16,225.5,8,2023,08,16,1977
69152,鳥取県,大山（ダイセン）,,2023,08,30,15,20,0.0,8,0.0,4,,,,,,783.5,8,2011,09,03,227.0,8,2021,08,09,1982
69161,鳥取県,関金（セキガネ）,,2023,08,30,15,20,0.0,8,0.0,4,,,,,,354.5,8,2011,09,03,227.0,8,2023,08,15,1977
69181,鳥取県,佐治（サジ）,,2023,08,30,15,20,0.0,8,0.0,4,,,,,,515.0,8,2023,08,16,515.0,8,2023,08,16,1982
69196,鳥取県,若桜（ワカサ）,,2023,08,30,15,20,0.0,8,0.0,4,,,,,,228,8,1979,10,19,196.0,8,2021,08,15,1977
69222,鳥取県,江尾（エビ）,,2023,08,30,15,20,0.0,8,0.0,4,,,,,,219.5,8,2013,07,16,157.0,8,2023,08,16,1982
69246,鳥取県,智頭（チズ）,,2023,08,30,15,20,0.0,8,0.0,4,,,,,,310.0,8,2023,08,15,310.0,8,2023,08,15,1976
69271,鳥取県,茶屋（チャヤ）,,2023,08,30,15,20,0.0,8,0.0,4,,,,,,206.5,8,2018,09,30,176.0,8,2021,08,14,1978
71066,徳島県,池田（イケダ）,,2023,08,30,15,20,0.0,8,0.0,4,,,,,,293.5,8,2018,07,07,180.0,8,2014,08,03,1976
71087,徳島県,穴吹（アナブキ）,,2023,08,30,15,20,0.0,8,0.0,4,,,,,,415.5,8,2011,09,03,390.0,8,2009,08,10,2001
71106,徳島県,徳島（トクシマ）,47895,2023,08,30,15,20,8.0,8,8.0,4,15,20,8,,,489.0,8,2011,09,21,344.5,8,2014,08,02,1976
71136,徳島県,半田（ハンダ）,,2023,08,30,15,20,1.0,8,1.0,4,15,20,8,,,368.5,8,2011,09,03,333,8,2001,08,22,1978
71191,徳島県,京上（キョウジョウ）,,2023,08,30,15,20,0.5,8,0.5,4,15,20,8,,,417,8,1993,07,28,371,8,1982,08,27,1978
71211,徳島県,福原旭（フクハラアサヒ）,,2023,08,30,15,20,38.5,8,38.5,4,15,20,8,,,771.0,8,2011,09,03,607,8,2004,08,01,1976
71231,徳島県,蒲生田（カモダ）,,2023,08,30,15,20,8.5,8,9.0,4,06,10,8,,,524,8,2000,09,12,491.0,8,2014,08,02,1978
71251,徳島県,木頭（キトウ）,,2023,08,30,15,20,35.0,8,35.5,4,12,00,8,,,721.5,8,2011,09,03,716,8,2004,08,01,1979
71266,徳島県,日和佐（ヒワサ）,,2023,08,30,15,20,10.5,8,10.5,4,15,20,8,,,543,8,1988,06,24,422.0,8,2014,08,03,1976
71291,徳島県,海陽（カイヨウ）,,2023,08,30,15,20,22.5,8,22.5,4,15,20,8,,,483.5,8,2021,09,08,446.5,8,2014,08,03,2009
72061,香川県,内海（ウチノミ）,,2023,08,30,15,20,0.0,8,0.0,4,,,,,,790,8,1976,09,11,267,4,2003,08,09,1976
72086,香川県,高松（タカマツ）,47891,2023,08,30,15,20,0.0,8,0.0,4,,,,,,228,8,1987,10,17,150.0,8,2017,08,08,1976
72111,香川県,多度津（タドツ）,47890,2023,08,30,15,20,0.0,8,0.0,4,,,,,,233,8,1983,09,28,159,8,2004,08,18,1976
72121,香川県,滝宮（タキノミヤ）,,2023,08,30,15,20,0.0,8,0.0,4,,,,,,283.0,8,2011,09,03,142,8,1989,08,27,1976
72126,香川県,香南（コウナン）,,2023,08,30,15,20,0.0,8,0.0,4,,,,,,418.5,8,2011,09,03,145.5,8,2014,08,10,2003
72146,香川県,引田（ヒケタ）,,2023,08,30,15,20,2.0,8,2.0,4,15,20,8,,,474,8,1976,09,11,329.0,8,2009,08,10,1976
72161,香川県,財田（サイタ）,,2023,08,30,15,20,0.0,8,0.0,4,,,,,,224,8,1983,09,28,198,8,2004,08,18,1978
72176,徳島県,竜王山（リュウオウザン）,,2023,08,30,15,20,0.0,8,0.0,4,,,,,,366,8,1990,09,20,268,8,2001,08,22,1976
73001,愛媛県,大三島（オオミシマ）,,2023,08,30,15,20,0.0,8,0.0,4,,,,,,250.0,8,2018,07,07,119,8,1989,08,27,1976
73071,愛媛県,玉川（タマガワ）,,2023,08,30,15,20,0.0,8,0.0,4,,,,,,274.5,8,2018,07,07,194,8,1989,08,27,1976
73076,愛媛県,今治（イマバリ）,,2023,08,30,15,20,0.0,8,0.0,4,,,,,,279.5,8,2018,07,07,130,8,1989,08,27,1976
73126,愛媛県,西条（サイジョウ）,,2023,08,30,15,20,0.0,8,0.0,4,,,,,,328.5,8,2018,09,30,173.0,8,2014,08,02,1976
73141,愛媛県,新居浜（ニイハマ）,,2023,08,30,15,20,0.0,8,0.0,4,,,,,,375.0,8,2018,09,30,229.0,8,2023,08,10,2016
73151,愛媛県,四国中央（シコクチュウオウ）,,2023,08,30,15,20,0.0,8,0.0,4,,,,,,348,8,1990,09,18,271,8,2004,08,18,1978
73152,愛媛県,富郷（トミサト）,,2023,08,30,15,20,2.5,8,2.5,4,15,20,8,,,451,8,2004,10,20,441,8,2004,08,18,1978
73166,愛媛県,松山（マツヤマ）,47887,2023,08,30,15,20,0.0,8,0.0,4,,,,,,262,8,2001,06,20,105,8,1993,08,03,1976
73168,愛媛県,松山南吉田（マツヤマミナミヨシダ）,,2023,08,30,15,20,0.0,8,0.0,4,,,,,,259.5,8,2018,07,07,103,8,2004,08,02,2003
73231,愛媛県,上林（カミハヤシ）,,2023,08,30,15,20,2.0,8,2.0,4,15,20,8,,,260.5,8,2017,09,18,178,8,2004,08,01,1976
73247,愛媛県,成就社（ジョウジュシャ）,,2023,08,30,15,20,5.0,8,5.0,4,15,20,8,,,765,8,2005,09,06,485,8,2004,08,30,1980
73256,愛媛県,長浜（ナガハマ）,,2023,08,30,15,20,0.0,8,0.0,4,,,,,,208.0,8,2018,07,07,153,8,1999,08,18,1976
73271,愛媛県,中山（ナカヤマ）,,2023,08,30,15,20,0.0,8,0.0,4,,,,,,260.0,8,2018,07,07,162,8,1989,08,27,1976
73276,愛媛県,久万（クマ）,,2023,08,30,15,20,5.0,8,5.0,4,15,20,8,,,297.0,8,2022,09,19,284,8,1982,08,27,1976
73306,愛媛県,大洲（オオズ）,,2023,08,30,15,20,1.5,8,1.5,4,15,20,8,,,263.5,8,2018,07,07,180,8,2004,08,31,1976
73321,愛媛県,獅子越峠（シシゴエトウゲ）,,2023,08,30,15,20,7.0,8,7.0,4,15,20,8,,,414,8,1982,08,27,414,8,1982,08,27,1976
73341,愛媛県,瀬戸（セト）,,2023,08,30,15,20,7.5,8,7.5,4,15,20,8,,,219.5,8,2018,07,07,134,8,1999,08,18,1997
73351,愛媛県,八幡浜（ヤワタハマ）,,2023,08,30,15,20,0.5,8,0.5,4,15,20,8,,,307.5,8,2018,07,07,191,8,2004,08,31,1976
73406,愛媛県,宇和（ウワ）,,2023,08,30,15,20,0.0,8,0.0,4,,,,,,347.0,8,2018,07,07,215,8,1999,08,18,1976
73442,愛媛県,宇和島（ウワジマ）,47892,2023,08,30,15,20,1.0,8,1.0,4,15,20,8,,,405,8,2005,09,06,255,8,2004,08,30,1976
73446,愛媛県,近永（チカナガ）,,2023,08,30,15,20,6.0,8,6.5,4,11,50,8,,,311,8,2005,09,06,296,8,2004,08,02,1979
73516,愛媛県,御荘（ミショウ）,,2023,08,30,15,20,8.5,8,8.5,4,15,20,8,,,230.0,8,2011,10,22,229,8,1980,08,05,1976
74056,高知県,本川（ホンガワ）,,2023,08,30,15,20,15.5,8,15.5,4,15,20,8,,,718,8,2005,09,06,671.5,8,2023,08,10,1979
74071,高知県,本山（モトヤマ）,,2023,08,30,15,20,13.0,8,13.0,4,15,20,8,,,602.0,8,2018,07,07,563.0,8,2014,08,04,1976
74101,高知県,池川（イケガワ）,,2023,08,30,15,20,32.5,8,32.5,4,15,20,8,,,644,8,2005,09,07,385.5,8,2014,08,03,1977
74126,高知県,繁藤（シゲトウ）,,2023,08,30,15,20,2.0,8,5.0,4,08,40,8,,,979,8,1998,09,25,587,8,2004,08,01,1976
74136,高知県,大栃（オオドチ）,,2023,08,30,15,20,0.0,8,0.0,4,,,,,,516,8,1998,09,25,414.0,8,2014,08,03,1977
74151,高知県,魚梁瀬（ヤナセ）,,2023,08,30,15,20,16.0,8,16.0,4,15,20,8,,,867.0,8,2011,07,19,862.0,8,2014,08,10,1978
74166,高知県,佐川（サカワ）,,2023,08,30,15,20,42.0,8,42.0,4,15,20,8,,,606.5,8,2014,08,03,606.5,8,2014,08,03,1976
74182,高知県,高知（コウチ）,47893,2023,08,30,15,20,18.5,8,21.5,4,10,50,8,,,861,8,1998,09,25,426.5,8,2014,08,04,1976
74187,高知県,後免（ゴメン）,,2023,08,30,15,20,12.0,8,12.0,4,15,20,8,,,862,8,1998,09,25,351.5,8,2014,08,03,1978
74188,高知県,南国日章（ナンコクニッショウ）,,2023,08,30,15,20,9.0,8,11.0,4,07,30,8,,,309,4,2004,08,01,309,4,2004,08,01,2003
74237,高知県,船戸（フナト）,,2023,08,30,15,20,88.0,8,88.0,4,15,20,8,,,674.0,8,2014,08,10,674.0,8,2014,08,10,1976
74238,高知県,鳥形山（トリガタヤマ）,,2023,08,30,15,20,122.5,8,122.5,4,15,20,8,,,593.5,8,2014,08,10,593.5,8,2014,08,10,2010
74271,高知県,安芸（アキ）,,2023,08,30,15,20,0.5,8,0.5,4,15,20,8,,,311.0,8,2008,06,29,306.5,8,2014,08,10,1976
74276,高知県,田野（タノ）,,2023,08,30,15,20,1.0,8,1.0,4,15,20,8,,,420.0,8,2011,07,19,397.5,8,2014,08,10,1976
74296,高知県,梼原（ユスハラ）,,2023,08,30,15,20,12.5,8,14.0,4,13,50,8,,,512,8,2005,09,06,464,8,1982,08,27,1976
74311,高知県,須崎（スサキ）,,2023,08,30,15,20,41.5,8,41.5,4,15,20,8,,,433,8,1998,09,25,420.5,8,2014,08,04,1976
74336,高知県,佐喜浜（サキハマ）,,2023,08,30,15,20,14.5,8,18.0,4,06,30,8,,,615,8,2003,11,29,401,8,2004,08,01,1976
74361,高知県,窪川（クボカワ）,,2023,08,30,15,20,29.0,8,32.0,4,02,00,8,,,528.5,8,2014,06,05,526.0,8,2014,08,10,1976
74372,高知県,室戸岬（ムロトミサキ）,47899,2023,08,30,15,20,7.5,8,7.5,4,15,20,8,,,365,8,1982,07,25,315,8,2004,08,24,1976
74381,高知県,江川崎（エカワサキ）,,2023,08,30,15,20,10.5,8,25.0,4,06,20,8,,,448,8,2005,09,06,323.0,8,2014,08,10,1977
74391,高知県,大正（タイショウ）,,2023,08,30,15,20,42.5,8,42.5,4,15,20,8,,,506,8,1992,08,19,506,8,1992,08,19,1976
74436,高知県,佐賀（サガ）,,2023,08,30,15,20,40.0,8,47.0,4,03,00,8,,,483,8,2003,11,29,401,8,1989,08,27,1977
74447,高知県,宿毛（スクモ）,47897,2023,08,30,15,20,32.5,8,32.5,4,15,20,8,,,392.5,8,2011,07,19,381.0,8,2014,08,10,1976
74456,高知県,中村（ナカムラ）,,2023,08,30,15,20,15.0,8,16.5,4,05,30,8,,,439.5,8,2014,06,05,438,8,2004,08,02,1976
74506,高知県,三崎（ミサキ）,,2023,08,30,15,20,28.5,8,31.0,4,09,20,8,,,476.0,8,2014,06,05,400.0,8,2014,08,10,2005
74516,高知県,清水（シミズ）,47898,2023,08,30,15,20,43.5,8,45.5,4,15,10,8,,,423,8,1980,08,04,423,8,1980,08,04,1976
81011,山口県,須佐（スサ）,,2023,08,30,15,20,0.0,8,0.0,4,,,,,,351.0,8,2013,07,29,249.0,8,2013,08,25,1976
81071,山口県,萩（ハギ）,47754,2023,08,30,15,20,0.0,8,0.0,4,,,,,,272,8,1985,06,24,266,8,1980,08,31,1976
81116,山口県,油谷（ユヤ）,,2023,08,30,15,20,0.0,8,0.0,4,,,,,,336,8,1980,08,31,336,8,1980,08,31,1976
81146,山口県,篠生（シノブ）,,2023,08,30,15,20,0.0,8,0.0,4,,,,,,199.5,8,2022,09,19,85.5,8,2023,08,11,2021
81151,山口県,徳佐（トクサ）,,2023,08,30,15,20,0.0,8,0.0,4,,,,,,324.0,8,2013,07,29,233.0,8,2021,08,14,1976
81167,山口県,羅漢山（ラカンザン）,,2023,08,30,15,20,1.0,8,1.0,4,15,20,8,,,490,8,2005,09,07,262.0,8,2021,08,14,1976
81196,山口県,秋吉台（アキヨシダイ）,,2023,08,30,15,20,0.0,8,0.0,4,,,,,,270,8,1981,06,26,212.5,8,2021,08,14,1976
81228,山口県,鹿野（カノ）,,2023,08,30,15,20,0.5,8,0.5,4,15,20,8,,,305.0,8,2022,09,19,251.5,8,2021,08,14,2010
81231,山口県,広瀬（ヒロセ）,,2023,08,30,15,20,2.5,8,2.5,4,15,20,8,,,363,8,2005,09,07,246.5,8,2021,08,14,1976
81266,山口県,豊田（トヨタ）,,2023,08,30,15,20,0.0,8,0.0,4,,,,,,283.5,8,2023,07,01,219.0,8,2019,08,29,1976
81271,山口県,東厚保（ヒガシアツ）,,2023,08,30,15,20,0.0,8,0.0,4,,,,,,257.5,8,2023,07,01,238.5,8,2021,08,14,2010
81286,山口県,山口（ヤマグチ）,47784,2023,08,30,15,20,0.0,8,0.0,4,,,,,,289.0,8,2023,07,01,230.5,8,2021,08,14,1976
81301,山口県,和田（ワダ）,,2023,08,30,15,20,0.0,8,0.0,4,,,,,,339,8,2005,09,07,261.5,8,2021,08,14,1978
81321,山口県,岩国（イワクニ）,,2023,08,30,15,20,0.0,8,0.0,4,,,,,,343.0,8,2018,07,07,246.5,8,2014,08,06,1976
81371,山口県,防府（ホウフ）,,2023,08,30,15,20,0.0,8,0.0,4,,,,,,275.0,8,2009,07,22,209.0,8,2021,08,14,1976
81386,山口県,下松（クダマツ）,,2023,08,30,15,20,0.0,8,0.0,4,,,,,,294,8,2005,09,06,212,8,1993,08,03,1976
81397,山口県,玖珂（クガ）,,2023,08,30,15,20,1.0,8,1.0,4,15,20,8,,,386,8,2005,09,07,223.5,8,2014,08,06,1977
81428,山口県,下関（シモノセキ）,47762,2023,08,30,15,20,7.5,8,7.5,4,15,20,8,,,276,8,1995,07,03,235.5,8,2021,08,14,1976
81436,山口県,宇部（ウベ）,,2023,08,30,15,20,0.0,8,0.0,4,,,,,,258,8,1995,07,03,195.0,8,2021,08,14,1976
81481,山口県,柳井（ヤナイ）,,2023,08,30,15,20,4.0,8,4.0,4,15,20,8,,,357,8,2005,07,03,183.0,8,2021,08,14,1976
81486,山口県,安下庄（アゲノショウ）,,2023,08,30,15,20,0.0,8,0.0,4,,,,,,334,8,2005,07,03,128,8,1999,08,18,1976
82036,福岡県,小呂島（オロノシマ）,,2023,08,30,15,20,0.0,8,0.0,4,,,,,,351.0,8,2020,07,27,213.5,8,2017,08,16,2014
82046,福岡県,宗像（ムナカタ）,,2023,08,30,15,20,0.0,8,0.0,4,,,,,,269.5,8,2009,07,25,204,8,1980,08,30,1976
82056,福岡県,八幡（ヤハタ）,,2023,08,30,15,20,0.0,8,0.0,4,,,,,,262,8,1995,07,03,232.0,8,2021,08,14,1976
82068,福岡県,空港北町（クウコウキタマチ）,,2023,08,30,15,20,2.0,8,2.0,4,15,20,8,,,252.0,8,2018,07,06,245.5,8,2021,08,14,2006
82097,福岡県,東谷（ヒガシタニ）,,2023,08,30,15,20,0.0,8,0.0,4,,,,,,350.5,8,2018,07,06,283.5,8,2021,08,14,2012
82101,福岡県,行橋（ユクハシ）,,2023,08,30,15,20,0.0,8,0.0,4,,,,,,295.5,8,2018,07,07,227.0,8,2021,08,14,1976
82136,福岡県,飯塚（イイヅカ）,47809,2023,08,30,15,20,1.0,8,1.0,4,15,20,8,,,364.0,8,2018,07,06,276.5,8,2021,08,14,1976
82171,福岡県,前原（マエバル）,,2023,08,30,15,20,0.0,8,0.0,4,,,,,,359,8,1980,08,30,359,8,1980,08,30,1976
82182,福岡県,福岡（フクオカ）,47807,2023,08,30,15,20,0.0,8,0.0,4,,,,,,284.5,8,2018,07,06,275,8,1980,08,30,1976
82186,福岡県,博多（ハカタ）,,2023,08,30,15,20,0.0,8,0.0,4,,,,,,314.5,8,2009,07,25,240.5,8,2021,08,14,2003
82191,福岡県,太宰府（ダザイフ）,,2023,08,30,15,20,0.0,8,0.0,4,,,,,,354,8,2003,07,19,338.0,8,2013,08,31,1977
82206,福岡県,添田（ソエダ）,,2023,08,30,15,20,0.5,8,0.5,4,15,20,8,,,398.0,8,2022,09,19,277.0,8,2021,08,14,1976
82241,福岡県,早良脇山（サワラワキヤマ）,,2023,08,30,15,20,0.0,8,0.0,4,,,,,,393.0,8,2018,07,06,332.0,8,2021,08,14,2010
82261,福岡県,朝倉（アサクラ）,,2023,08,30,15,20,0.0,8,0.0,4,,,,,,545.5,8,2017,07,06,281.0,8,2021,08,14,1976
82272,福岡県,英彦山（ヒコサン）,,2023,08,30,15,20,0.0,8,0.0,4,,,,,,423.0,8,2023,07,10,386,8,2007,08,03,1988
82306,福岡県,久留米（クルメ）,,2023,08,30,15,20,0.0,8,0.0,4,,,,,,387.0,8,2021,08,14,387.0,8,2021,08,14,1977
82316,福岡県,耳納山（ミノウサン）,,2023,08,30,15,20,24.5,8,24.5,4,15,20,8,,,402.5,8,2023,07,10,293.5,8,2019,08,28,1976
82317,福岡県,黒木（クロギ）,,2023,08,30,15,20,0.0,8,0.0,4,,,,,,486.0,8,2012,07,14,347.5,8,2021,08,14,1976
82331,福岡県,柳川（ヤナガワ）,,2023,08,30,15,20,0.0,8,0.0,4,,,,,,361.5,8,2020,07,07,329.0,8,2021,08,14,1976
82361,福岡県,大牟田（オオムタ）,,2023,08,30,15,20,0.0,8,0.0,4,,,,,,446.5,8,2020,07,07,397.5,8,2021,08,13,1976
83021,大分県,国見（クニミ）,,2023,08,30,15,20,0.0,8,0.0,4,,,,,,249.5,8,2023,07,01,172,8,2003,08,08,1977
83051,大分県,中津（ナカツ）,,2023,08,30,15,20,0.0,8,0.0,4,,,,,,253.5,8,2020,07,07,210.0,8,2021,08,13,2011
83061,大分県,豊後高田（ブンゴタカダ）,,2023,08,30,15,20,0.0,8,0.0,4,,,,,,240,8,1976,09,11,160,8,1980,08,30,1976
83096,大分県,耶馬渓（ヤバケイ）,,2023,08,30,15,20,1.0,8,1.0,4,15,20,8,,,352.0,8,2022,09,19,227,8,2007,08,03,1976
83106,大分県,院内（インナイ）,,2023,08,30,15,20,0.0,8,0.0,4,,,,,,391,8,2005,09,06,275,8,2004,08,31,1976
83121,大分県,杵築（キツキ）,,2023,08,30,15,20,0.5,8,0.5,4,15,20,8,,,276.0,8,2020,07,08,214,8,1982,08,27,1978
83126,大分県,武蔵（ムサシ）,,2023,08,30,15,20,0.5,8,0.5,4,15,20,8,,,259.5,8,2011,09,20,190,8,2003,08,08,1976
83137,大分県,日田（ヒタ）,47814,2023,08,30,15,20,0.0,8,0.0,4,,,,,,370.0,8,2017,07,06,227.5,8,2021,08,13,1976
83191,大分県,玖珠（クス）,,2023,08,30,15,20,0.0,8,0.0,4,,,,,,310.0,8,2020,07,08,237.0,8,2021,08,13,1976
83201,大分県,湯布院（ユフイン）,,2023,08,30,15,20,0.0,8,0.0,4,,,,,,589,8,2005,09,06,351,8,1982,08,27,1976
83216,大分県,大分（オオイタ）,47815,2023,08,30,15,20,2.0,8,2.0,4,15,20,8,,,414,8,1993,09,04,210,8,2003,08,08,1976
83226,大分県,佐賀関（サガノセキ）,,2023,08,30,15,20,3.0,8,3.0,4,15,20,8,,,335.0,8,2017,09,17,212,8,1982,08,14,1976
83242,大分県,椿ヶ鼻（ツバキガハナ）,,2023,08,30,15,20,1.0,8,1.0,4,15,20,8,,,497.0,8,2020,07,07,334.5,8,2021,08,13,2004
83286,大分県,臼杵（ウスキ）,,2023,08,30,15,20,17.0,8,17.0,4,15,20,8,,,433,8,2005,09,06,236,8,2006,08,18,1976
83341,大分県,犬飼（イヌカイ）,,2023,08,30,15,20,2.0,8,2.0,4,15,20,8,,,402,8,2005,09,06,281,8,1982,08,27,1976
83371,大分県,竹田（タケタ）,,2023,08,30,15,20,1.5,8,1.5,4,15,20,8,,,458,8,2005,09,06,304,8,2003,08,08,1976
83401,大分県,佐伯（サイキ）,,2023,08,30,15,20,39.5,8,39.5,4,15,20,8,,,403.0,8,2013,10,24,259.5,8,2019,08,07,1976
83431,大分県,宇目（ウメ）,,2023,08,30,15,20,14.0,8,14.0,4,15,20,8,,,559,8,2005,09,06,322,8,2007,08,03,1977
83476,大分県,蒲江（カマエ）,,2023,08,30,15,20,23.0,8,23.0,4,15,20,8,,,439,8,2004,10,20,262,8,2006,08,18,1976
84012,長崎県,鰐浦（ワニウラ）,,2023,08,30,15,20,0.0,8,0.0,4,,,,,,461,8,1998,08,02,461,8,1998,08,02,1995
84072,長崎県,厳原（イヅハラ）,47800,2023,08,30,15,20,0.0,4,0.0,4,,,,,,383,8,1985,06,24,246,8,1996,08,31,1976
84076,長崎県,美津島（ミツシマ）,,2023,08,30,15,20,0.0,4,0.0,4,,,,,,321,8,2007,08,30,321,8,2007,08,30,2003
84121,長崎県,芦辺（アシベ）,,2023,08,30,15,20,0.0,8,0.0,4,,,,,,432.5,8,2017,06,30,395,8,2003,08,31,1977
84122,長崎県,石田（イシダ）,,2023,08,30,15,20,0.0,8,0.0,4,,,,,,288.5,8,2020,07,27,224.0,8,2011,08,24,2003
84171,長崎県,平戸（ヒラド）,47805,2023,08,30,15,20,0.0,8,0.0,4,,,,,,434.0,8,2019,08,28,434.0,8,2019,08,28,1976
84183,長崎県,松浦（マツウラ）,,2023,08,30,15,20,0.0,8,0.0,4,,,,,,379.5,8,2019,08,28,379.5,8,2019,08,28,2011
84266,長崎県,佐世保（サセボ）,47812,2023,08,30,15,20,0.0,8,0.0,4,,,,,,345,8,1990,07,02,306.0,8,2019,08,28,1976
84306,長崎県,西海（サイカイ）,,2023,08,30,15,20,0.0,8,0.0,4,,,,,,401.5,8,2021,08,14,401.5,8,2021,08,14,2021
84341,長崎県,有川（アリカワ）,,2023,08,30,15,20,0.0,8,1.5,4,08,00,8,,,478,8,1989,09,13,238.0,8,2021,08,14,1977
84361,長崎県,長浦岳（ナガウラダケ）,,2023,08,30,15,20,0.0,8,0.0,4,,,,,,499,8,1982,07,24,404.5,8,2021,08,14,1976
84371,長崎県,大村（オオムラ）,,2023,08,30,15,20,2.5,8,2.5,4,15,20,8,,,384.0,8,2020,07,07,263.0,8,2021,08,13,1976
84441,長崎県,諫早（イサハヤ）,,2023,08,30,15,20,5.0,8,5.0,4,15,20,8,,,460,4,1982,07,24,289.0,8,2021,08,13,1976
84496,長崎県,長崎（ナガサキ）,47817,2023,08,30,15,20,0.0,8,0.0,4,,,,,,552,8,1982,07,24,257,8,2006,08,31,1976
84519,長崎県,雲仙岳（ウンゼンダケ）,47818,2023,08,30,15,20,0.5,8,0.5,4,15,20,8,,,571.5,8,2021,08,13,571.5,8,2021,08,13,2002
84523,長崎県,島原（シマバラ）,,2023,08,30,15,20,0.0,8,0.0,4,,,,,,370.5,8,2021,08,13,370.5,8,2021,08,13,2006
84536,長崎県,福江（フクエ）,47843,2023,08,30,15,20,0.0,8,22.5,4,02,20,8,,,435,8,1987,07,20,341.5,8,2021,08,14,1976
84537,長崎県,上大津（カミオオヅ）,,2023,08,30,15,20,0.0,8,20.5,4,12,00,8,,,369,8,2005,09,11,329.5,8,2021,08,14,2003
84561,長崎県,口之津（クチノツ）,,2023,08,30,15,20,0.0,8,0.0,4,,,,,,402,4,1982,07,24,386.0,8,2021,08,13,1976
84597,長崎県,脇岬（ワキミサキ）,,2023,08,30,15,20,0.0,8,0.0,4,,,,,,276.5,8,2021,08,13,276.5,8,2021,08,13,2021
85033,佐賀県,唐津（カラツ）,,2023,08,30,15,20,0.0,8,0.0,4,,,,,,287.0,8,2018,07,06,286.5,8,2021,08,14,2010
85046,佐賀県,北山（ホクザン）,,2023,08,30,15,20,0.0,8,0.0,4,,,,,,464.5,8,2018,07,06,324.0,8,2019,08,28,2010
85106,佐賀県,鳥栖（トス）,,2023,08,30,15,20,0.0,8,0.0,4,,,,,,409.0,8,2021,08,14,409.0,8,2021,08,14,2010
85116,佐賀県,伊万里（イマリ）,,2023,08,30,15,20,3.0,8,3.0,4,15,20,8,,,376,8,1980,08,30,376,8,1980,08,30,1976
85142,佐賀県,佐賀（サガ）,47813,2023,08,30,15,20,0.0,8,0.0,4,,,,,,390.0,8,2019,08,28,390.0,8,2019,08,28,1976
85161,佐賀県,嬉野（ウレシノ）,,2023,08,30,15,20,5.0,8,5.0,4,15,20,8,,,555.5,8,2021,08,14,555.5,8,2021,08,14,1977
85166,佐賀県,白石（シロイシ）,,2023,08,30,15,20,0.0,8,0.0,4,,,,,,371.0,8,2019,08,28,371.0,8,2019,08,28,1976
85176,佐賀県,川副（カワソエ）,,2023,08,30,15,20,0.0,8,0.0,4,,,,,,315.5,8,2020,07,07,264.5,8,2019,08,28,2003
86006,熊本県,鹿北（カホク）,,2023,08,30,15,20,0.5,8,0.5,4,15,20,8,,,420.0,8,2020,07,07,366.0,8,2021,08,13,1976
86066,熊本県,南小国（ミナミオグニ）,,2023,08,30,15,20,0.0,8,0.0,4,,,,,,379,8,1990,07,02,248,8,1980,08,30,1976
86086,熊本県,岱明（タイメイ）,,2023,08,30,15,20,0.0,8,0.0,4,,,,,,414,8,1980,08,30,414,8,1980,08,30,1976
86101,熊本県,菊池（キクチ）,,2023,08,30,15,20,0.5,8,0.5,4,15,20,8,,,378,8,1980,08,30,378,8,1980,08,30,1976
86111,熊本県,阿蘇乙姫（アソオトヒメ）,,2023,08,30,15,20,1.5,8,1.5,4,15,20,8,,,507.5,8,2012,07,12,442,8,1980,08,30,1978
86141,熊本県,熊本（クマモト）,47819,2023,08,30,15,20,11.0,8,11.0,4,15,20,8,,,409,8,1982,07,24,254,8,1980,08,30,1976
86146,熊本県,益城（マシキ）,,2023,08,30,15,20,6.5,8,6.5,4,15,20,8,,,316,8,2007,07,07,189.0,8,2021,08,12,1976
86157,熊本県,南阿蘇（ミナミアソ）,,2023,08,30,15,20,1.0,8,1.0,4,15,20,8,,,391.0,8,2020,07,08,185.5,8,2021,08,12,2015
86161,熊本県,高森（タカモリ）,,2023,08,30,15,20,4.0,8,4.0,4,15,20,8,,,315,8,1977,06,16,245,8,2003,08,08,1976
86181,熊本県,宇土（ウト）,,2023,08,30,15,20,8.0,8,8.0,4,15,20,8,,,288.0,8,2017,07,07,211.0,8,2013,08,26,2006
86197,熊本県,山都（ヤマト）,,2023,08,30,15,20,6.0,8,6.0,4,15,20,8,,,367.5,8,2020,07,12,204.5,8,2021,08,13,2010
86216,熊本県,三角（ミスミ）,,2023,08,30,15,20,3.0,8,3.0,4,15,20,8,,,395,8,1982,07,24,262.5,8,2013,08,05,1976
86236,熊本県,甲佐（コウサ）,,2023,08,30,15,20,32.0,8,32.0,4,15,20,8,,,324,8,2007,07,07,207.0,8,2021,08,13,1976
86271,熊本県,松島（マツシマ）,,2023,08,30,15,20,0.0,8,0.0,4,,,,,,410,4,1982,07,25,224,8,1993,08,02,1976
86316,熊本県,本渡（ホンド）,,2023,08,30,15,20,0.0,8,0.0,4,,,,,,378.0,8,2021,08,13,378.0,8,2021,08,13,1976
86336,熊本県,八代（ヤツシロ）,,2023,08,30,15,20,7.5,8,7.5,4,15,20,8,,,419,8,1982,07,25,348.5,8,2011,08,16,1976
86396,熊本県,田浦（タノウラ）,,2023,08,30,15,20,15.0,8,15.0,4,15,20,8,,,445,8,1982,07,12,328,4,1993,08,02,1976
86407,熊本県,山江（ヤマエ）,,2023,08,30,15,20,15.0,8,15.0,4,15,20,8,,,453.0,8,2020,07,04,412,8,1993,08,02,1990
86411,熊本県,五木（イツキ）,,2023,08,30,15,20,11.5,8,11.5,4,15,20,8,,,413.5,8,2020,07,04,206.0,8,2021,08,13,2012
86451,熊本県,水俣（ミナマタ）,,2023,08,30,15,20,0.5,8,0.5,4,15,20,8,,,474.5,8,2020,07,04,317,8,1993,08,02,1976
86461,熊本県,一勝地（イッショウチ）,,2023,08,30,15,20,7.0,8,7.0,4,15,20,8,,,484,8,2006,07,22,213.0,8,2013,08,05,2006
86467,熊本県,人吉（ヒトヨシ）,47824,2023,08,30,15,20,17.0,8,17.0,4,15,20,8,,,410.5,8,2020,07,04,294,8,1993,08,02,1976
86477,熊本県,上（ウエ）,,2023,08,30,15,20,11.5,8,11.5,4,15,20,8,,,463.5,8,2020,07,04,312,8,2004,08,30,1977
86478,熊本県,多良木（タラギ）,,2023,08,30,15,20,7.5,8,7.5,4,15,20,8,,,412.0,8,2020,07,04,228,8,2007,08,03,2006
86481,熊本県,湯前横谷（ユノマエヨコタニ）,,2023,08,30,15,20,20.5,8,20.5,4,15,20,8,,,490.0,8,2022,09,19,397,8,2003,08,08,1976
86491,熊本県,牛深（ウシブカ）,47838,2023,08,30,15,20,1.0,8,1.0,4,15,20,8,,,428.0,8,2020,07,04,261.5,8,2021,08,13,1976
87041,宮崎県,高千穂（タカチホ）,,2023,08,30,15,20,26.5,8,26.5,4,15,20,8,,,475,8,2005,09,06,366,8,1993,08,10,1976
87066,宮崎県,古江（フルエ）,,2023,08,30,15,20,32.5,8,33.0,4,12,40,8,,,426,8,2001,10,16,276.5,8,2019,08,06,1977
87071,宮崎県,鞍岡（クラオカ）,,2023,08,30,15,20,6.5,8,6.5,4,15,20,8,,,628,8,2005,09,06,435,8,1992,08,08,1979
87086,宮崎県,日之影（ヒノカゲ）,,2023,08,30,15,20,47.5,8,47.5,4,15,20,8,,,515.0,8,2022,09,19,387.5,8,2023,08,10,2010
87127,宮崎県,諸塚（モロツカ）,,2023,08,30,15,20,40.0,8,40.0,4,15,20,8,,,738,8,2005,09,06,523,8,1982,08,27,1979
87136,宮崎県,北方（キタカタ）,,2023,08,30,15,20,79.0,8,79.0,4,15,20,8,,,498,4,2005,09,06,380.5,8,2014,08,03,1987
87141,宮崎県,延岡（ノベオカ）,47822,2023,08,30,15,20,23.0,8,23.0,4,15,20,8,,,445.5,8,2016,09,20,250,8,2006,08,18,1976
87157,宮崎県,椎葉（シイバ）,,2023,08,30,15,20,8.5,8,8.5,4,15,20,8,,,631.0,8,2022,09,19,375.0,8,2023,08,09,2011
87181,宮崎県,日向（ヒュウガ）,,2023,08,30,15,20,24.5,8,24.5,4,15,20,8,,,578.0,8,2016,09,20,235,8,2006,08,18,1976
87206,宮崎県,神門（ミカド）,,2023,08,30,15,20,59.0,8,59.0,4,15,20,8,,,934,8,2005,09,06,659,8,2004,08,30,1979
87231,宮崎県,西米良（ニシメラ）,,2023,08,30,15,20,46.5,8,46.5,4,15,20,8,,,579.0,8,2022,09,19,365,8,2004,08,30,1979
87251,宮崎県,都農（ツノ）,,2023,08,30,15,20,23.0,8,23.0,4,15,20,8,,,444.0,8,2016,09,20,351.5,8,2023,08,19,2010
87293,宮崎県,高鍋（タカナベ）,,2023,08,30,15,20,23.5,8,23.5,4,15,20,8,,,285.0,8,2018,09,30,232.0,8,2023,08,19,2017
87301,宮崎県,加久藤（カクトウ）,,2023,08,30,15,20,4.0,8,4.0,4,15,20,8,,,502,8,2006,07,22,324,8,2004,08,30,1976
87331,宮崎県,西都（サイト）,,2023,08,30,15,20,37.0,8,37.0,4,15,20,8,,,388,4,2005,09,06,294,8,1982,08,13,1976
87346,宮崎県,えびの高原（エビノコウゲン）,,2023,08,30,15,20,37.0,8,37.0,4,15,20,8,,,882,8,2005,09,06,732,8,2004,08,30,1976
87352,宮崎県,小林（コバヤシ）,,2023,08,30,15,20,50.0,8,50.0,4,15,20,8,,,403,8,2006,07,22,352.0,8,2023,08,10,2000
87361,宮崎県,野尻（ノジリ）,,2023,08,30,15,20,18.0,8,18.0,4,15,20,8,,,381,4,2005,09,06,347,8,2003,08,08,1976
87371,宮崎県,国富（クニトミ）,,2023,08,30,15,20,4.0,8,4.0,4,15,20,8,,,431,8,2005,09,06,304,8,1989,08,21,1976
87376,宮崎県,宮崎（ミヤザキ）,47830,2023,08,30,15,20,3.5,8,7.5,4,08,00,8,,,563,8,1990,09,29,325,8,1993,08,02,1976
87406,宮崎県,田野（タノ）,,2023,08,30,15,20,28.5,8,28.5,4,15,20,8,,,380.0,8,2018,09,30,251.5,8,2023,08,09,2017
87412,宮崎県,赤江（アカエ）,,2023,08,30,15,20,3.0,8,3.5,4,01,00,8,,,462.5,8,2017,10,29,273.0,8,2014,08,09,2003
87426,宮崎県,都城（ミヤコノジョウ）,47829,2023,08,30,15,20,4.5,8,4.5,4,15,20,8,,,557,8,2005,09,06,407,8,1982,08,26,1976
87461,宮崎県,深瀬（フカセ）,,2023,08,30,15,20,50.5,8,50.5,4,15,20,8,,,473,8,2005,09,06,363,8,2004,08,30,1977
87492,宮崎県,油津（アブラツ）,47835,2023,08,30,15,20,10.5,8,10.5,4,15,20,8,,,427.0,8,2017,10,29,336,8,1993,08,02,1976
87501,宮崎県,串間（クシマ）,,2023,08,30,15,20,18.5,8,18.5,4,15,20,8,,,448,8,2005,09,06,269,8,1993,08,02,1976
88061,鹿児島県,阿久根（アクネ）,47823,2023,08,30,15,20,0.0,8,0.0,4,,,,,,622,8,2006,07,23,244.0,8,2021,08,17,1976
88066,鹿児島県,出水（イズミ）,,2023,08,30,15,20,16.0,8,16.0,4,15,20,8,,,420,4,2006,07,22,253,8,1993,08,01,1976
88081,鹿児島県,大口（オオクチ）,,2023,08,30,15,20,15.5,8,15.5,4,15,20,8,,,511,8,2006,07,22,276,8,2004,08,30,1976
88101,鹿児島県,紫尾山（シビサン）,,2023,08,30,15,20,10.0,8,10.0,4,15,20,8,,,634,8,2006,07,23,391,8,2006,08,19,1976
88107,鹿児島県,さつま柏原（サツマカシワバル）,,2023,08,30,15,20,8.0,8,8.0,4,15,20,8,,,473.0,8,2021,07,10,303,8,1993,08,07,1976
88131,鹿児島県,中甑（ナカコシキ）,,2023,08,30,15,20,0.0,8,9.5,4,07,00,8,,,415,8,1976,07,19,233.5,8,2023,08,10,1976
88151,鹿児島県,川内（センダイ）,,2023,08,30,15,20,1.5,8,1.5,4,15,20,8,,,370,8,1993,08,06,370,8,1993,08,06,1977
88166,鹿児島県,溝辺（ミゾベ）,,2023,08,30,15,20,24.5,8,24.5,4,15,20,8,,,454,8,1993,08,02,454,8,1993,08,02,1976
88211,鹿児島県,八重山（ヤエヤマ）,,2023,08,30,15,20,2.5,8,2.5,4,15,20,8,,,425,8,1993,08,02,425,8,1993,08,02,1976
88261,鹿児島県,東市来（ヒガシイチキ）,,2023,08,30,15,20,0.0,8,0.0,4,,,,,,327.0,8,2019,07,01,290.5,8,2021,08,17,1976
88286,鹿児島県,牧之原（マキノハラ）,,2023,08,30,15,20,29.0,8,29.0,4,15,20,8,,,464,8,2005,09,06,383,8,2004,08,30,1976
88317,鹿児島県,鹿児島（カゴシマ）,47827,2023,08,30,15,20,3.5,8,3.5,4,15,20,8,,,376.0,8,2019,07,04,329,8,1995,08,11,1976
88331,鹿児島県,輝北（キホク）,,2023,08,30,15,20,21.5,8,21.5,4,15,20,8,,,430,8,1989,07,28,323,8,2004,08,30,1977
88341,鹿児島県,大隅（オオスミ）,,2023,08,30,15,20,8.5,8,8.5,4,15,20,8,,,428.0,8,2019,07,04,293.0,8,2023,08,09,1977
88371,鹿児島県,加世田（カセダ）,,2023,08,30,15,20,0.0,8,0.0,4,,,,,,356,8,1997,09,16,269,8,2004,08,30,1976
88392,鹿児島県,吉ケ別府（ヨシガベップ）,,2023,08,30,15,20,17.0,4,17.0,4,15,20,8,,,472.5,8,2019,07,04,403,8,1999,08,18,1977
88406,鹿児島県,志布志（シブシ）,,2023,08,30,15,20,4.5,8,4.5,4,15,20,8,,,323.0,8,2020,07,06,316,8,1993,08,02,1976
88432,鹿児島県,喜入（キイレ）,,2023,08,30,15,20,3.0,8,3.0,4,15,20,8,,,356.5,8,2021,08,17,356.5,8,2021,08,17,1977
88442,鹿児島県,鹿屋（カノヤ）,,2023,08,30,15,20,34.0,8,34.0,4,15,20,8,,,496.0,8,2020,07,06,443,8,1993,08,02,1977
88447,鹿児島県,肝付前田（キモツキマエダ）,,2023,08,30,15,20,36.5,8,36.5,4,15,20,8,,,657,8,2005,09,06,456,8,2004,08,30,1977
88466,鹿児島県,枕崎（マクラザキ）,47831,2023,08,30,15,20,0.0,8,0.0,4,,,,,,402,8,1993,07,07,383.0,8,2021,08,17,1976
88486,鹿児島県,指宿（イブスキ）,,2023,08,30,15,20,10.5,8,10.5,4,15,20,8,,,389,8,1989,07,28,284,8,2004,08,30,1976
88506,鹿児島県,内之浦（ウチノウラ）,,2023,08,30,15,20,18.5,8,18.5,4,15,20,8,,,551.5,8,2015,05,01,280,8,1984,08,26,1976
88536,鹿児島県,田代（タシロ）,,2023,08,30,15,20,17.0,8,17.0,4,15,20,8,,,529,8,2005,09,06,498.0,8,2023,08,09,1977
88551,鹿児島県,佐多（サタ）,,2023,08,30,15,20,2.0,8,2.0,4,15,20,8,,,455.5,8,2023,08,09,455.5,8,2023,08,09,1977
88612,鹿児島県,種子島（タネガシマ）,47837,2023,08,30,15,20,5.5,8,5.5,4,15,20,8,,,396,8,1997,09,16,361,8,2004,08,30,1976
88621,鹿児島県,中種子（ナカタネ）,,2023,08,30,15,20,2.5,8,2.5,4,15,20,8,,,340.5,8,2014,10,05,222.5,8,2023,08,09,2006
88666,鹿児島県,上中（カミナカ）,,2023,08,30,15,20,1.5,8,1.5,4,15,20,8,,,347.0,8,2010,07,04,278,8,1985,08,09,1976
88686,鹿児島県,屋久島（ヤクシマ）,47836,2023,08,30,15,20,2.5,8,7.0,4,02,30,8,,,484.0,8,2023,08,09,484.0,8,2023,08,09,1976
88706,鹿児島県,尾之間（オノアイダ）,,2023,08,30,15,20,8.0,8,18.0,4,01,10,8,,,386,8,1977,07,11,310.5,8,2023,08,10,1976
88736,鹿児島県,中之島（ナカノシマ）,,2023,08,30,15,20,19.0,8,19.0,4,15,20,8,,,482.5,8,2015,07,21,400.0,8,2018,08,22,2002
88746,鹿児島県,平島（タイラジマ）,,2023,08,30,15,20,1.0,8,4.0,4,04,20,8,,,340.0,8,2017,08,06,340.0,8,2017,08,06,2014
88756,鹿児島県,諏訪之瀬島（スワノセジマ）,,2023,08,30,15,20,3.0,8,3.0,4,15,20,8,,,368.5,8,2020,07,09,301.0,8,2017,08,06,2014
88776,鹿児島県,小宝島（コダカラジマ）,,2023,08,30,15,20,0.0,8,0.0,4,,,,,,295.5,8,2023,07,02,221.0,8,2023,08,09,2014
88781,鹿児島県,宝島（タカラジマ）,,2023,08,30,15,20,0.0,8,0.0,4,,,,,,338.5,8,2023,07,02,232.0,8,2017,08,06,2014
88821,鹿児島県,笠利（カサリ）,,2023,08,30,15,20,2.0,8,2.0,4,15,20,8,,,407.0,8,2017,08,05,407.0,8,2017,08,05,2003
88836,鹿児島県,名瀬（ナゼ）,47909,2023,08,30,15,20,0.0,8,1.5,4,02,10,8,,,648.0,8,2010,10,20,540.0,8,2017,08,05,1976
88851,鹿児島県,喜界島（キカイジマ）,,2023,08,30,15,20,0.5,8,0.5,4,15,20,8,,,461.0,8,2017,09,04,377.5,8,2017,08,05,1978
88901,鹿児島県,古仁屋（コニヤ）,,2023,08,30,15,20,0.0,8,0.5,4,00,20,8,,,491,8,1991,08,22,491,8,1991,08,22,1976
88931,鹿児島県,天城（アマギ）,,2023,08,30,15,20,0.0,8,0.0,4,,,,,,316.0,8,2014,10,12,266.0,8,2012,08,27,2003
88956,鹿児島県,伊仙（イセン）,,2023,08,30,15,20,0.0,8,0.5,4,00,30,8,,,483,8,1979,09,28,468.0,8,2012,08,28,1977
88971,鹿児島県,沖永良部（オキノエラブ）,47942,2023,08,30,15,20,0.0,8,0.0,4,,,,,,433.0,8,2012,08,27,433.0,8,2012,08,27,1976
88986,鹿児島県,与論島（ヨロンジマ）,,2023,08,30,15,20,0.0,8,1.0,4,02,40,8,,,411,8,2000,07,30,202,8,1985,08,13,1978
91011,沖縄県,伊是名（イゼナ）,,2023,08,30,15,20,0.0,8,0.0,4,,,,,,404.5,8,2018,06,16,219.0,8,2012,08,27,1977
91021,沖縄県,奥（オク）,,2023,08,30,15,20,0.0,8,0.5,4,07,10,8,,,457,8,2000,07,30,400.0,8,2012,08,27,1976
91046,沖縄県,国頭（クニガミ）,,2023,08,30,15,20,0.5,8,0.5,4,15,20,8,,,514.0,8,2014,10,12,443.0,8,2011,08,06,2005
91066,沖縄県,本部（モトブ）,,2023,08,30,15,20,0.0,8,0.0,4,,,,,,610.0,8,2011,08,06,610.0,8,2011,08,06,1981
91081,沖縄県,東（ヒガシ）,,2023,08,30,15,20,1.0,8,1.0,4,15,20,8,,,431.0,8,2014,10,11,327.5,8,2011,08,06,1981
91096,沖縄県,粟国（アグニ）,,2023,08,30,15,20,0.0,8,0.0,4,,,,,,309.0,8,2018,06,16,256.5,8,2011,08,06,2003
91107,沖縄県,名護（ナゴ）,47940,2023,08,30,15,20,0.0,8,1.0,4,02,30,8,,,459.0,8,2011,08,06,459.0,8,2011,08,06,1976
91121,沖縄県,読谷（ヨミタン）,,2023,08,30,15,20,0.0,8,1.5,4,00,40,8,,,386.5,8,2014,07,09,297.0,8,2023,08,02,1976
91141,沖縄県,北原（キタハラ）,,2023,08,30,15,20,0.0,8,1.5,4,02,20,8,,,341.0,8,2018,07,04,256.5,8,2023,08,03,2003
91146,沖縄県,久米島（クメジマ）,47929,2023,08,30,15,20,0.0,8,0.0,4,,,,,,596,8,2001,09,12,305.0,8,2023,08,05,1977
91151,沖縄県,渡名喜（トナキ）,,2023,08,30,15,20,0.0,8,0.0,4,,,,,,213.5,8,2022,11,12,212.5,8,2023,08,05,2014
91161,沖縄県,胡屋（ゴヤ）,,2023,08,30,15,20,0.0,8,0.0,4,,,,,,368.5,8,2011,08,06,368.5,8,2011,08,06,1976
91166,沖縄県,宮城島（ミヤギジマ）,,2023,08,30,15,20,0.0,8,0.0,4,,,,,,294.5,8,2010,05,16,162.0,8,2020,08,25,2007
91181,沖縄県,渡嘉敷（トカシキ）,,2023,08,30,15,20,0.0,8,0.0,4,,,,,,506,8,1997,08,07,506,8,1997,08,07,1977
91197,沖縄県,那覇（ナハ）,47936,2023,08,30,15,20,0.0,8,0.0,4,,,,,,477,8,1999,09,23,433,8,2007,08,11,1976
91236,沖縄県,安次嶺（アシミネ）,,2023,08,30,15,20,0.0,8,0.0,4,,,,,,386,8,2007,08,11,386,8,2007,08,11,2003
91241,沖縄県,糸数（イトカズ）,,2023,08,30,15,20,0.0,8,0.0,4,,,,,,323,4,2007,08,11,323,4,2007,08,11,1976
92006,沖縄県,北大東（キタダイトウ）,,2023,08,30,15,20,0.0,8,0.0,4,,,,,,256.0,8,2011,09,19,189.0,8,2021,08,06,2003
92011,沖縄県,南大東（ミナミダイトウ）（南大東島（ミナミダイトウジマ））,47945,2023,08,30,15,20,0.5,8,0.5,4,15,20,8,,,334,8,1996,09,20,281,8,1997,08,17,1979
92012,沖縄県,旧東（キュウトウ）,,2023,08,30,15,20,0.0,8,0.0,4,,,,,,290.0,8,2019,06,12,239.5,8,2021,08,06,2003
93012,沖縄県,下地島（シモジシマ）,,2023,08,30,15,20,0.0,8,6.0,4,10,00,8,,,526,8,2003,09,11,256.0,8,2023,08,03,2003
93041,沖縄県,宮古島（ミヤコジマ）,47927,2023,08,30,15,20,1.0,8,1.0,4,15,20,8,,,479.0,8,2017,09,14,418,8,1985,08,16,1977
93042,沖縄県,鏡原（カガミハラ）,,2023,08,30,15,20,0.5,8,0.5,4,15,20,8,,,390.0,8,2017,09,14,266,8,2005,08,05,2003
93051,沖縄県,城辺（グスクベ）,,2023,08,30,15,20,0.0,8,0.5,4,05,10,8,,,533.0,8,2017,09,14,436,8,1985,08,16,1978
93062,沖縄県,仲筋（ナカスジ）,,2023,08,30,15,20,0.0,8,0.0,4,,,,,,573.0,8,2012,09,29,237.5,8,2020,08,23,2003
94001,沖縄県,伊原間（イバルマ）,,2023,08,30,15,20,0.0,8,3.0,4,06,10,8,,,433,8,1994,06,19,223.0,8,2020,08,23,1977
94011,沖縄県,所野（トコロノ）,,2023,08,30,15,20,8.0,8,8.0,4,15,20,8,,,582.5,8,2008,09,13,335.0,8,2015,08,08,2003
94017,沖縄県,与那国島（ヨナグニジマ）,47912,2023,08,30,15,20,3.0,8,3.5,4,00,30,8,,,769.5,8,2008,09,13,427.0,8,2015,08,08,1978
94036,沖縄県,川平（カビラ）,,2023,08,30,15,20,1.0,8,3.5,4,04,20,8,,,610.0,8,2008,09,13,256,8,1997,08,18,1978
94062,沖縄県,西表島（イリオモテジマ）,47917,2023,08,30,15,20,9.5,8,10.5,4,11,00,8,,,362,8,2005,07,18,341.5,8,2015,08,08,2003
94081,沖縄県,石垣島（イシガキジマ）,47918,2023,08,30,15,20,3.0,8,6.0,4,06,00,8,,,416.0,8,2020,06,09,297,8,1997,08,18,1977
94086,沖縄県,盛山（モリヤマ）,,2023,08,30,15,20,0.0,8,0.0,4,,,,,,307.0,8,2020,06,09,211.5,8,2015,08,24,2013
94101,沖縄県,大原（オオハラ）,,2023,08,30,15,20,1.0,8,1.0,4,15,20,8,,,417,8,1985,08,23,417,8,1985,08,23,1978
94116,沖縄県,波照間（ハテルマ）,,2023,08,30,15,20,3.0,8,3.0,4,15,20,8,,,358.5,8,2022,09,12,302,4,2004,08,25,1979
